#
# A fatal error has been detected by the Java Runtime Environment:
#
#  SIGSEGV (0xb) at pc=0x00007ea5a1236f48, pid=785732, tid=785733
#
# JRE version: OpenJDK Runtime Environment (17.0.10+7) (build 17.0.10+7)
# Java VM: OpenJDK 64-Bit Server VM (17.0.10+7, mixed mode, tiered, compressed oops, compressed class ptrs, g1 gc, linux-amd64)
# Problematic frame:
# C  [libswt-gtk-4940r23.so+0x36f48]  Java_org_eclipse_swt_internal_C_strlen+0xf
#
# Core dump will be written. Default location: /dev/null.785732
#
# If you would like to submit a bug report, please visit:
#   https://bugreport.java.com/bugreport/crash.jsp
# The crash happened outside the Java Virtual Machine in native code.
# See problematic frame for where to report the bug.
#

---------------  S U M M A R Y ------------

Command Line: -Dosgi.requiredJavaVersion=11 /opt/ApacheDirectoryStudio//plugins/org.eclipse.equinox.launcher_1.6.0.v20200915-1508.jar -os linux -ws gtk -arch x86_64 -showsplash -launcher /opt/ApacheDirectoryStudio/ApacheDirectoryStudio -name ApacheDirectoryStudio --launcher.library /opt/ApacheDirectoryStudio//plugins/org.eclipse.equinox.launcher.gtk.linux.x86_64_1.2.0.v20200915-1442/eclipse_11201.so -startup /opt/ApacheDirectoryStudio//plugins/org.eclipse.equinox.launcher_1.6.0.v20200915-1508.jar --launcher.overrideVmargs -exitdata 80016 /studio-rcp/resources/icons/linux/studio.xpm -vm /usr/lib/jvm/java-17-openjdk/bin/java -vmargs -Dosgi.requiredJavaVersion=11 -jar /opt/ApacheDirectoryStudio//plugins/org.eclipse.equinox.launcher_1.6.0.v20200915-1508.jar

Host: 12th Gen Intel(R) Core(TM) i7-12700H, 20 cores, 30G, CachyOS
Time: Wed Apr 17 13:48:20 2024 -03 elapsed time: 3.362748 seconds (0d 0h 0m 3s)

---------------  T H R E A D  ---------------

Current thread (0x00007ea5fc014690):  JavaThread "main" [_thread_in_native, id=785733, stack(0x00007ea600d00000,0x00007ea600e00000)]

Stack: [0x00007ea600d00000,0x00007ea600e00000],  sp=0x00007ea600df5528,  free space=981k
Native frames: (J=compiled Java code, j=interpreted, Vv=VM code, C=native code)
C  [libswt-gtk-4940r23.so+0x36f48]  Java_org_eclipse_swt_internal_C_strlen+0xf
j  org.eclipse.swt.internal.Converter.cCharPtrToJavaString(JZ)Ljava/lang/String;+1
j  org.eclipse.swt.browser.WebKit$WebKitExtension.initializeWebExtensions_callback(JJ)V+178
v  ~StubRoutines::call_stub
V  [libjvm.so+0x79385c]
V  [libjvm.so+0x8419c9]
V  [libjvm.so+0x844dc5]

Java frames: (J=compiled Java code, j=interpreted, Vv=VM code)
J 5108  org.eclipse.swt.internal.C.strlen(J)I (0 bytes) @ 0x00007ea5ed2697e9 [0x00007ea5ed2697a0+0x0000000000000049]
j  org.eclipse.swt.internal.Converter.cCharPtrToJavaString(JZ)Ljava/lang/String;+1
j  org.eclipse.swt.browser.WebKit$WebKitExtension.initializeWebExtensions_callback(JJ)V+178
v  ~StubRoutines::call_stub
j  org.eclipse.swt.internal.webkit.WebKitGTK.webkit_web_view_load_html(J[B[B)V+0
j  org.eclipse.swt.browser.WebKit.setText(Ljava/lang/String;Z)Z+62
j  org.eclipse.swt.browser.Browser.setText(Ljava/lang/String;Z)Z+18
j  org.eclipse.swt.browser.Browser.setText(Ljava/lang/String;)Z+7
j  org.eclipse.ui.internal.intro.impl.presentations.BrowserIntroPartImplementation.generateContentForPage(Lorg/eclipse/ui/internal/intro/impl/model/AbstractIntroPage;)Z+262
j  org.eclipse.ui.internal.intro.impl.presentations.BrowserIntroPartImplementation.dynamicStandbyStateChanged(ZZ)V+49
j  org.eclipse.ui.internal.intro.impl.presentations.BrowserIntroPartImplementation.doStandbyStateChanged(ZZ)V+60
j  org.eclipse.ui.internal.intro.impl.model.AbstractIntroPartImplementation.standbyStateChanged(ZZ)V+73
j  org.eclipse.ui.internal.intro.impl.model.IntroPartPresentation.standbyStateChanged(ZZ)V+13
j  org.eclipse.ui.intro.config.CustomizableIntroPart.standbyStateChanged(Z)V+98
j  org.eclipse.ui.internal.ViewIntroAdapterPart.lambda$1(Lorg/eclipse/swt/widgets/Control;Z)V+10
j  org.eclipse.ui.internal.ViewIntroAdapterPart$$Lambda$442+0x000000080064a320.run()V+12
j  org.eclipse.swt.custom.BusyIndicator.showWhile(Lorg/eclipse/swt/widgets/Display;Ljava/lang/Runnable;)V+110
j  org.eclipse.ui.internal.ViewIntroAdapterPart.setStandby(Z)V+31
j  org.eclipse.ui.internal.ViewIntroAdapterPart.createPartControl(Lorg/eclipse/swt/widgets/Composite;)V+80
j  org.eclipse.ui.internal.e4.compatibility.CompatibilityPart.createPartControl(Lorg/eclipse/ui/IWorkbenchPart;Lorg/eclipse/swt/widgets/Composite;)Z+65
j  org.eclipse.ui.internal.e4.compatibility.CompatibilityView.createPartControl(Lorg/eclipse/ui/IWorkbenchPart;Lorg/eclipse/swt/widgets/Composite;)Z+409
j  org.eclipse.ui.internal.e4.compatibility.CompatibilityPart.create()V+145
v  ~StubRoutines::call_stub
J 5407  jdk.internal.reflect.NativeMethodAccessorImpl.invoke0(Ljava/lang/reflect/Method;Ljava/lang/Object;[Ljava/lang/Object;)Ljava/lang/Object; java.base@17.0.10 (0 bytes) @ 0x00007ea5ed2a673f [0x00007ea5ed2a66c0+0x000000000000007f]
J 5406 c1 jdk.internal.reflect.NativeMethodAccessorImpl.invoke(Ljava/lang/Object;[Ljava/lang/Object;)Ljava/lang/Object; java.base@17.0.10 (137 bytes) @ 0x00007ea5e5dfd004 [0x00007ea5e5dfc600+0x0000000000000a04]
J 860 c1 jdk.internal.reflect.DelegatingMethodAccessorImpl.invoke(Ljava/lang/Object;[Ljava/lang/Object;)Ljava/lang/Object; java.base@17.0.10 (10 bytes) @ 0x00007ea5e5580ccc [0x00007ea5e5580bc0+0x000000000000010c]
J 5535 c1 org.eclipse.e4.core.internal.di.MethodRequestor.execute()Ljava/lang/Object; (189 bytes) @ 0x00007ea5e5e776f4 [0x00007ea5e5e75d00+0x00000000000019f4]
J 5838 c1 org.eclipse.e4.core.internal.di.InjectorImpl.processAnnotated(Ljava/lang/Class;Ljava/lang/Object;Ljava/lang/Class;Lorg/eclipse/e4/core/di/suppliers/PrimaryObjectSupplier;Lorg/eclipse/e4/core/di/suppliers/PrimaryObjectSupplier;Ljava/util/ArrayList;)V (354 bytes) @ 0x00007ea5e5f2325c [0x00007ea5e5f226a0+0x0000000000000bbc]
J 5838 c1 org.eclipse.e4.core.internal.di.InjectorImpl.processAnnotated(Ljava/lang/Class;Ljava/lang/Object;Ljava/lang/Class;Lorg/eclipse/e4/core/di/suppliers/PrimaryObjectSupplier;Lorg/eclipse/e4/core/di/suppliers/PrimaryObjectSupplier;Ljava/util/ArrayList;)V (354 bytes) @ 0x00007ea5e5f22bdc [0x00007ea5e5f226a0+0x000000000000053c]
j  org.eclipse.e4.core.internal.di.InjectorImpl.internalInject(Ljava/lang/Object;Lorg/eclipse/e4/core/di/suppliers/PrimaryObjectSupplier;Lorg/eclipse/e4/core/di/suppliers/PrimaryObjectSupplier;)V+174
j  org.eclipse.e4.core.internal.di.InjectorImpl.internalMake(Ljava/lang/Class;Lorg/eclipse/e4/core/di/suppliers/PrimaryObjectSupplier;Lorg/eclipse/e4/core/di/suppliers/PrimaryObjectSupplier;)Ljava/lang/Object;+323
j  org.eclipse.e4.core.internal.di.InjectorImpl.make(Ljava/lang/Class;Lorg/eclipse/e4/core/di/suppliers/PrimaryObjectSupplier;)Ljava/lang/Object;+11
j  org.eclipse.e4.core.contexts.ContextInjectionFactory.make(Ljava/lang/Class;Lorg/eclipse/e4/core/contexts/IEclipseContext;)Ljava/lang/Object;+13
j  org.eclipse.e4.ui.internal.workbench.ReflectionContributionFactory.createFromBundle(Lorg/osgi/framework/Bundle;Lorg/eclipse/e4/core/contexts/IEclipseContext;Lorg/eclipse/e4/core/contexts/IEclipseContext;Lorg/eclipse/emf/common/util/URI;)Ljava/lang/Object;+169
j  org.eclipse.e4.ui.internal.workbench.ReflectionContributionFactory.doCreate(Ljava/lang/String;Lorg/eclipse/e4/core/contexts/IEclipseContext;Lorg/eclipse/e4/core/contexts/IEclipseContext;)Ljava/lang/Object;+90
j  org.eclipse.e4.ui.internal.workbench.ReflectionContributionFactory.create(Ljava/lang/String;Lorg/eclipse/e4/core/contexts/IEclipseContext;)Ljava/lang/Object;+4
j  org.eclipse.e4.ui.workbench.renderers.swt.ContributedPartRenderer.createWidget(Lorg/eclipse/e4/ui/model/application/ui/MUIElement;Ljava/lang/Object;)Ljava/lang/Object;+132
j  org.eclipse.e4.ui.internal.workbench.swt.PartRenderingEngine.createWidget(Lorg/eclipse/e4/ui/model/application/ui/MUIElement;Ljava/lang/Object;)Ljava/lang/Object;+21
j  org.eclipse.e4.ui.internal.workbench.swt.PartRenderingEngine.safeCreateGui(Lorg/eclipse/e4/ui/model/application/ui/MUIElement;Ljava/lang/Object;Lorg/eclipse/e4/core/contexts/IEclipseContext;)Ljava/lang/Object;+563
j  org.eclipse.e4.ui.internal.workbench.swt.PartRenderingEngine$1.run()V+21
J 4464 c1 org.eclipse.core.runtime.SafeRunner.run(Lorg/eclipse/core/runtime/ISafeRunnable;)V (20 bytes) @ 0x00007ea5e5bb2fdc [0x00007ea5e5bb2e80+0x000000000000015c]
j  org.eclipse.e4.ui.internal.workbench.swt.PartRenderingEngine.createGui(Lorg/eclipse/e4/ui/model/application/ui/MUIElement;Ljava/lang/Object;Lorg/eclipse/e4/core/contexts/IEclipseContext;)Ljava/lang/Object;+19
j  org.eclipse.e4.ui.workbench.renderers.swt.ElementReferenceRenderer.createWidget(Lorg/eclipse/e4/ui/model/application/ui/MUIElement;Ljava/lang/Object;)Ljava/lang/Object;+181
j  org.eclipse.e4.ui.internal.workbench.swt.PartRenderingEngine.createWidget(Lorg/eclipse/e4/ui/model/application/ui/MUIElement;Ljava/lang/Object;)Ljava/lang/Object;+21
j  org.eclipse.e4.ui.internal.workbench.swt.PartRenderingEngine.safeCreateGui(Lorg/eclipse/e4/ui/model/application/ui/MUIElement;Ljava/lang/Object;Lorg/eclipse/e4/core/contexts/IEclipseContext;)Ljava/lang/Object;+563
j  org.eclipse.e4.ui.internal.workbench.swt.PartRenderingEngine.safeCreateGui(Lorg/eclipse/e4/ui/model/application/ui/MUIElement;)Ljava/lang/Object;+168
j  org.eclipse.e4.ui.internal.workbench.swt.PartRenderingEngine$2.run()V+13
J 4464 c1 org.eclipse.core.runtime.SafeRunner.run(Lorg/eclipse/core/runtime/ISafeRunnable;)V (20 bytes) @ 0x00007ea5e5bb2fdc [0x00007ea5e5bb2e80+0x000000000000015c]
j  org.eclipse.e4.ui.internal.workbench.swt.PartRenderingEngine.createGui(Lorg/eclipse/e4/ui/model/application/ui/MUIElement;)Ljava/lang/Object;+15
j  org.eclipse.e4.ui.internal.workbench.PartServiceImpl.lambda$0(Lorg/osgi/service/event/Event;)V+223
j  org.eclipse.e4.ui.internal.workbench.PartServiceImpl$$Lambda$216+0x000000080044e3c0.handleEvent(Lorg/osgi/service/event/Event;)V+5
J 5532 c1 org.eclipse.e4.ui.services.internal.events.UIEventHandler$$Lambda$176+0x0000000800389ad0.run()V (12 bytes) @ 0x00007ea5e5e6e79c [0x00007ea5e5e6e640+0x000000000000015c]
J 5480 c1 org.eclipse.swt.widgets.Synchronizer.syncExec(Ljava/lang/Runnable;)V (311 bytes) @ 0x00007ea5e5e4b4cc [0x00007ea5e5e4ace0+0x00000000000007ec]
J 5478 c1 org.eclipse.ui.internal.UISynchronizer.syncExec(Ljava/lang/Runnable;)V (143 bytes) @ 0x00007ea5e5e48094 [0x00007ea5e5e47140+0x0000000000000f54]
J 5477 c1 org.eclipse.swt.widgets.Display.syncExec(Ljava/lang/Runnable;)V (81 bytes) @ 0x00007ea5e5e42a2c [0x00007ea5e5e424c0+0x000000000000056c]
J 5530 c1 org.eclipse.e4.ui.services.internal.events.UIEventHandler.handleEvent(Lorg/osgi/service/event/Event;)V (35 bytes) @ 0x00007ea5e5e6f25c [0x00007ea5e5e6ebe0+0x000000000000067c]
J 5473 c1 org.eclipse.equinox.internal.event.EventHandlerWrapper.handleEvent(Lorg/osgi/service/event/Event;Ljava/security/Permission;)V (136 bytes) @ 0x00007ea5e5e45374 [0x00007ea5e5e44d40+0x0000000000000634]
J 5471 c1 org.eclipse.equinox.internal.event.EventHandlerTracker.dispatchEvent(Ljava/lang/Object;Ljava/lang/Object;ILjava/lang/Object;)V (19 bytes) @ 0x00007ea5e5e40204 [0x00007ea5e5e3fe60+0x00000000000003a4]
J 3758 c2 org.eclipse.osgi.framework.eventmgr.EventManager.dispatchEvent(Ljava/util/Set;Lorg/eclipse/osgi/framework/eventmgr/EventDispatcher;ILjava/lang/Object;)V (69 bytes) @ 0x00007ea5ed233e44 [0x00007ea5ed233dc0+0x0000000000000084]
J 1781 c1 org.eclipse.osgi.framework.eventmgr.ListenerQueue.dispatchEventSynchronous(ILjava/lang/Object;)V (81 bytes) @ 0x00007ea5e577ec94 [0x00007ea5e577e4e0+0x00000000000007b4]
J 4782 c1 org.eclipse.equinox.internal.event.EventAdminImpl.dispatchEvent(Lorg/osgi/service/event/Event;Z)V (219 bytes) @ 0x00007ea5e5659b2c [0x00007ea5e5658fc0+0x0000000000000b6c]
J 5567 c1 org.eclipse.equinox.internal.event.EventComponent.sendEvent(Lorg/osgi/service/event/Event;)V (9 bytes) @ 0x00007ea5e5e8648c [0x00007ea5e5e863c0+0x00000000000000cc]
J 5562 c1 org.eclipse.e4.ui.internal.workbench.UIEventPublisher.notifyChanged(Lorg/eclipse/emf/common/notify/Notification;)V (61 bytes) @ 0x00007ea5e5e8846c [0x00007ea5e5e878e0+0x0000000000000b8c]
J 4181 c1 org.eclipse.emf.common.notify.impl.BasicNotifierImpl.eNotify(Lorg/eclipse/emf/common/notify/Notification;)V (44 bytes) @ 0x00007ea5e5461804 [0x00007ea5e54614e0+0x0000000000000324]
j  org.eclipse.e4.ui.model.application.ui.impl.ElementContainerImpl.setSelectedElementGen(Lorg/eclipse/e4/ui/model/application/ui/MUIElement;)V+34
j  org.eclipse.e4.ui.model.application.ui.impl.ElementContainerImpl.setSelectedElement(Lorg/eclipse/e4/ui/model/application/ui/MUIElement;)V+87
j  org.eclipse.e4.ui.workbench.renderers.swt.LazyStackRenderer.postProcess(Lorg/eclipse/e4/ui/model/application/ui/MUIElement;)V+112
j  org.eclipse.e4.ui.internal.workbench.swt.PartRenderingEngine.safeCreateGui(Lorg/eclipse/e4/ui/model/application/ui/MUIElement;Ljava/lang/Object;Lorg/eclipse/e4/core/contexts/IEclipseContext;)Ljava/lang/Object;+609
j  org.eclipse.e4.ui.internal.workbench.swt.PartRenderingEngine.safeCreateGui(Lorg/eclipse/e4/ui/model/application/ui/MUIElement;)Ljava/lang/Object;+168
j  org.eclipse.e4.ui.internal.workbench.swt.PartRenderingEngine$2.run()V+13
J 4464 c1 org.eclipse.core.runtime.SafeRunner.run(Lorg/eclipse/core/runtime/ISafeRunnable;)V (20 bytes) @ 0x00007ea5e5bb2fdc [0x00007ea5e5bb2e80+0x000000000000015c]
j  org.eclipse.e4.ui.internal.workbench.swt.PartRenderingEngine.createGui(Lorg/eclipse/e4/ui/model/application/ui/MUIElement;)Ljava/lang/Object;+15
j  org.eclipse.e4.ui.internal.workbench.swt.PartRenderingEngine.subscribeTopicToBeRendered(Lorg/osgi/service/event/Event;)V+95
v  ~StubRoutines::call_stub
J 5407  jdk.internal.reflect.NativeMethodAccessorImpl.invoke0(Ljava/lang/reflect/Method;Ljava/lang/Object;[Ljava/lang/Object;)Ljava/lang/Object; java.base@17.0.10 (0 bytes) @ 0x00007ea5ed2a673f [0x00007ea5ed2a66c0+0x000000000000007f]
J 5406 c1 jdk.internal.reflect.NativeMethodAccessorImpl.invoke(Ljava/lang/Object;[Ljava/lang/Object;)Ljava/lang/Object; java.base@17.0.10 (137 bytes) @ 0x00007ea5e5dfd004 [0x00007ea5e5dfc600+0x0000000000000a04]
J 860 c1 jdk.internal.reflect.DelegatingMethodAccessorImpl.invoke(Ljava/lang/Object;[Ljava/lang/Object;)Ljava/lang/Object; java.base@17.0.10 (10 bytes) @ 0x00007ea5e5580ccc [0x00007ea5e5580bc0+0x000000000000010c]
J 5535 c1 org.eclipse.e4.core.internal.di.MethodRequestor.execute()Ljava/lang/Object; (189 bytes) @ 0x00007ea5e5e776f4 [0x00007ea5e5e75d00+0x00000000000019f4]
j  org.eclipse.e4.core.di.internal.extensions.EventObjectSupplier$DIEventHandler.handleEvent(Lorg/osgi/service/event/Event;)V+61
J 5473 c1 org.eclipse.equinox.internal.event.EventHandlerWrapper.handleEvent(Lorg/osgi/service/event/Event;Ljava/security/Permission;)V (136 bytes) @ 0x00007ea5e5e45374 [0x00007ea5e5e44d40+0x0000000000000634]
J 5471 c1 org.eclipse.equinox.internal.event.EventHandlerTracker.dispatchEvent(Ljava/lang/Object;Ljava/lang/Object;ILjava/lang/Object;)V (19 bytes) @ 0x00007ea5e5e40204 [0x00007ea5e5e3fe60+0x00000000000003a4]
J 3758 c2 org.eclipse.osgi.framework.eventmgr.EventManager.dispatchEvent(Ljava/util/Set;Lorg/eclipse/osgi/framework/eventmgr/EventDispatcher;ILjava/lang/Object;)V (69 bytes) @ 0x00007ea5ed233e44 [0x00007ea5ed233dc0+0x0000000000000084]
J 1781 c1 org.eclipse.osgi.framework.eventmgr.ListenerQueue.dispatchEventSynchronous(ILjava/lang/Object;)V (81 bytes) @ 0x00007ea5e577ec94 [0x00007ea5e577e4e0+0x00000000000007b4]
J 4782 c1 org.eclipse.equinox.internal.event.EventAdminImpl.dispatchEvent(Lorg/osgi/service/event/Event;Z)V (219 bytes) @ 0x00007ea5e5659b2c [0x00007ea5e5658fc0+0x0000000000000b6c]
J 5567 c1 org.eclipse.equinox.internal.event.EventComponent.sendEvent(Lorg/osgi/service/event/Event;)V (9 bytes) @ 0x00007ea5e5e8648c [0x00007ea5e5e863c0+0x00000000000000cc]
J 5562 c1 org.eclipse.e4.ui.internal.workbench.UIEventPublisher.notifyChanged(Lorg/eclipse/emf/common/notify/Notification;)V (61 bytes) @ 0x00007ea5e5e8846c [0x00007ea5e5e878e0+0x0000000000000b8c]
J 4181 c1 org.eclipse.emf.common.notify.impl.BasicNotifierImpl.eNotify(Lorg/eclipse/emf/common/notify/Notification;)V (44 bytes) @ 0x00007ea5e5461804 [0x00007ea5e54614e0+0x0000000000000324]
j  org.eclipse.e4.ui.model.application.ui.impl.UIElementImpl.setToBeRendered(Z)V+34
j  org.eclipse.e4.ui.workbench.addons.cleanupaddon.CleanupAddon.subscribeRenderingChanged(Lorg/osgi/service/event/Event;)V+146
v  ~StubRoutines::call_stub
J 5407  jdk.internal.reflect.NativeMethodAccessorImpl.invoke0(Ljava/lang/reflect/Method;Ljava/lang/Object;[Ljava/lang/Object;)Ljava/lang/Object; java.base@17.0.10 (0 bytes) @ 0x00007ea5ed2a673f [0x00007ea5ed2a66c0+0x000000000000007f]
J 5406 c1 jdk.internal.reflect.NativeMethodAccessorImpl.invoke(Ljava/lang/Object;[Ljava/lang/Object;)Ljava/lang/Object; java.base@17.0.10 (137 bytes) @ 0x00007ea5e5dfd004 [0x00007ea5e5dfc600+0x0000000000000a04]
J 860 c1 jdk.internal.reflect.DelegatingMethodAccessorImpl.invoke(Ljava/lang/Object;[Ljava/lang/Object;)Ljava/lang/Object; java.base@17.0.10 (10 bytes) @ 0x00007ea5e5580ccc [0x00007ea5e5580bc0+0x000000000000010c]
J 5535 c1 org.eclipse.e4.core.internal.di.MethodRequestor.execute()Ljava/lang/Object; (189 bytes) @ 0x00007ea5e5e776f4 [0x00007ea5e5e75d00+0x00000000000019f4]
J 5560 c1 org.eclipse.e4.ui.internal.di.UIEventObjectSupplier$UIEventHandler$$Lambda$218+0x000000080038e4a8.run()V (10 bytes) @ 0x00007ea5e5e7f74c [0x00007ea5e5e7f640+0x000000000000010c]
J 5480 c1 org.eclipse.swt.widgets.Synchronizer.syncExec(Ljava/lang/Runnable;)V (311 bytes) @ 0x00007ea5e5e4b4cc [0x00007ea5e5e4ace0+0x00000000000007ec]
J 5478 c1 org.eclipse.ui.internal.UISynchronizer.syncExec(Ljava/lang/Runnable;)V (143 bytes) @ 0x00007ea5e5e48094 [0x00007ea5e5e47140+0x0000000000000f54]
J 5477 c1 org.eclipse.swt.widgets.Display.syncExec(Ljava/lang/Runnable;)V (81 bytes) @ 0x00007ea5e5e42a2c [0x00007ea5e5e424c0+0x000000000000056c]
J 5556 c1 org.eclipse.e4.ui.internal.di.UIEventObjectSupplier$UIEventHandler.handleEvent(Lorg/osgi/service/event/Event;)V (132 bytes) @ 0x00007ea5e5e81b54 [0x00007ea5e5e80a60+0x00000000000010f4]
J 5473 c1 org.eclipse.equinox.internal.event.EventHandlerWrapper.handleEvent(Lorg/osgi/service/event/Event;Ljava/security/Permission;)V (136 bytes) @ 0x00007ea5e5e45374 [0x00007ea5e5e44d40+0x0000000000000634]
J 5471 c1 org.eclipse.equinox.internal.event.EventHandlerTracker.dispatchEvent(Ljava/lang/Object;Ljava/lang/Object;ILjava/lang/Object;)V (19 bytes) @ 0x00007ea5e5e40204 [0x00007ea5e5e3fe60+0x00000000000003a4]
J 3758 c2 org.eclipse.osgi.framework.eventmgr.EventManager.dispatchEvent(Ljava/util/Set;Lorg/eclipse/osgi/framework/eventmgr/EventDispatcher;ILjava/lang/Object;)V (69 bytes) @ 0x00007ea5ed233e44 [0x00007ea5ed233dc0+0x0000000000000084]
J 1781 c1 org.eclipse.osgi.framework.eventmgr.ListenerQueue.dispatchEventSynchronous(ILjava/lang/Object;)V (81 bytes) @ 0x00007ea5e577ec94 [0x00007ea5e577e4e0+0x00000000000007b4]
J 4782 c1 org.eclipse.equinox.internal.event.EventAdminImpl.dispatchEvent(Lorg/osgi/service/event/Event;Z)V (219 bytes) @ 0x00007ea5e5659b2c [0x00007ea5e5658fc0+0x0000000000000b6c]
J 5567 c1 org.eclipse.equinox.internal.event.EventComponent.sendEvent(Lorg/osgi/service/event/Event;)V (9 bytes) @ 0x00007ea5e5e8648c [0x00007ea5e5e863c0+0x00000000000000cc]
J 5562 c1 org.eclipse.e4.ui.internal.workbench.UIEventPublisher.notifyChanged(Lorg/eclipse/emf/common/notify/Notification;)V (61 bytes) @ 0x00007ea5e5e8846c [0x00007ea5e5e878e0+0x0000000000000b8c]
J 4181 c1 org.eclipse.emf.common.notify.impl.BasicNotifierImpl.eNotify(Lorg/eclipse/emf/common/notify/Notification;)V (44 bytes) @ 0x00007ea5e5461804 [0x00007ea5e54614e0+0x0000000000000324]
j  org.eclipse.e4.ui.model.application.ui.impl.UIElementImpl.setToBeRendered(Z)V+34
j  org.eclipse.e4.ui.internal.workbench.ModelServiceImpl.showElementInWindow(Lorg/eclipse/e4/ui/model/application/ui/basic/MWindow;Lorg/eclipse/e4/ui/model/application/ui/MUIElement;)V+107
j  org.eclipse.e4.ui.internal.workbench.ModelServiceImpl.bringToTop(Lorg/eclipse/e4/ui/model/application/ui/MUIElement;)V+53
j  org.eclipse.e4.ui.internal.workbench.PartServiceImpl.delegateBringToTop(Lorg/eclipse/e4/ui/model/application/ui/basic/MPart;)V+5
j  org.eclipse.e4.ui.internal.workbench.PartServiceImpl.activate(Lorg/eclipse/e4/ui/model/application/ui/basic/MPart;ZZ)V+390
j  org.eclipse.e4.ui.internal.workbench.PartServiceImpl.activate(Lorg/eclipse/e4/ui/model/application/ui/basic/MPart;Z)V+4
j  org.eclipse.e4.ui.internal.workbench.PartServiceImpl.activate(Lorg/eclipse/e4/ui/model/application/ui/basic/MPart;)V+3
j  org.eclipse.e4.ui.internal.workbench.PartServiceImpl.showPart(Lorg/eclipse/e4/ui/model/application/ui/basic/MPart;Lorg/eclipse/e4/ui/workbench/modeling/EPartService$PartState;)Lorg/eclipse/e4/ui/model/application/ui/basic/MPart;+82
j  org.eclipse.ui.internal.WorkbenchPage.showPart(ILorg/eclipse/e4/ui/model/application/ui/basic/MPart;)Lorg/eclipse/e4/ui/model/application/ui/basic/MPart;+36
j  org.eclipse.ui.internal.WorkbenchPage.busyShowView(Ljava/lang/String;I)Lorg/eclipse/ui/IViewPart;+109
j  org.eclipse.ui.internal.WorkbenchPage.lambda$11([Ljava/lang/Object;Ljava/lang/String;I)V+5
j  org.eclipse.ui.internal.WorkbenchPage$$Lambda$431+0x00000008006484e8.run()V+16
j  org.eclipse.swt.custom.BusyIndicator.showWhile(Lorg/eclipse/swt/widgets/Display;Ljava/lang/Runnable;)V+110
j  org.eclipse.ui.internal.WorkbenchPage.showView(Ljava/lang/String;Ljava/lang/String;I)Lorg/eclipse/ui/IViewPart;+102
j  org.eclipse.ui.internal.WorkbenchPage.showView(Ljava/lang/String;)Lorg/eclipse/ui/IViewPart;+4
j  org.eclipse.ui.internal.WorkbenchIntroManager.createIntro(Lorg/eclipse/ui/IWorkbenchWindow;)V+26
j  org.eclipse.ui.internal.WorkbenchIntroManager.showIntro(Lorg/eclipse/ui/IWorkbenchWindow;Z)Lorg/eclipse/ui/intro/IIntroPart;+29
j  org.eclipse.ui.application.WorkbenchWindowAdvisor.openIntro()V+127
j  org.eclipse.ui.internal.WorkbenchWindow.setup()V+1040
v  ~StubRoutines::call_stub
J 5407  jdk.internal.reflect.NativeMethodAccessorImpl.invoke0(Ljava/lang/reflect/Method;Ljava/lang/Object;[Ljava/lang/Object;)Ljava/lang/Object; java.base@17.0.10 (0 bytes) @ 0x00007ea5ed2a673f [0x00007ea5ed2a66c0+0x000000000000007f]
J 5406 c1 jdk.internal.reflect.NativeMethodAccessorImpl.invoke(Ljava/lang/Object;[Ljava/lang/Object;)Ljava/lang/Object; java.base@17.0.10 (137 bytes) @ 0x00007ea5e5dfd004 [0x00007ea5e5dfc600+0x0000000000000a04]
J 860 c1 jdk.internal.reflect.DelegatingMethodAccessorImpl.invoke(Ljava/lang/Object;[Ljava/lang/Object;)Ljava/lang/Object; java.base@17.0.10 (10 bytes) @ 0x00007ea5e5580ccc [0x00007ea5e5580bc0+0x000000000000010c]
J 859 c1 java.lang.reflect.Method.invoke(Ljava/lang/Object;[Ljava/lang/Object;)Ljava/lang/Object; java.base@17.0.10 (65 bytes) @ 0x00007ea5e558173c [0x00007ea5e5581400+0x000000000000033c]
j  org.eclipse.e4.core.internal.di.MethodRequestor.execute()Ljava/lang/Object;+90
j  org.eclipse.e4.core.internal.di.InjectorImpl.processAnnotated(Ljava/lang/Class;Ljava/lang/Object;Ljava/lang/Class;Lorg/eclipse/e4/core/di/suppliers/PrimaryObjectSupplier;Lorg/eclipse/e4/core/di/suppliers/PrimaryObjectSupplier;Ljava/util/ArrayList;)V+339
j  org.eclipse.e4.core.internal.di.InjectorImpl.internalInject(Ljava/lang/Object;Lorg/eclipse/e4/core/di/suppliers/PrimaryObjectSupplier;Lorg/eclipse/e4/core/di/suppliers/PrimaryObjectSupplier;)V+174
j  org.eclipse.e4.core.internal.di.InjectorImpl.inject(Ljava/lang/Object;Lorg/eclipse/e4/core/di/suppliers/PrimaryObjectSupplier;)V+4
j  org.eclipse.e4.core.contexts.ContextInjectionFactory.inject(Ljava/lang/Object;Lorg/eclipse/e4/core/contexts/IEclipseContext;)V+13
j  org.eclipse.ui.internal.Workbench.createWorkbenchWindow(Lorg/eclipse/core/runtime/IAdaptable;Lorg/eclipse/ui/IPerspectiveDescriptor;Lorg/eclipse/e4/ui/model/application/ui/basic/MWindow;Z)Lorg/eclipse/ui/IWorkbenchWindow;+147
j  org.eclipse.ui.internal.StandardTrim.createStatusLine(Lorg/eclipse/swt/widgets/Composite;Lorg/eclipse/e4/ui/model/application/ui/menu/MToolControl;)V+56
j  org.eclipse.ui.internal.StandardTrim.createWidget(Lorg/eclipse/swt/widgets/Composite;Lorg/eclipse/e4/ui/model/application/ui/menu/MToolControl;)V+17
v  ~StubRoutines::call_stub
J 5407  jdk.internal.reflect.NativeMethodAccessorImpl.invoke0(Ljava/lang/reflect/Method;Ljava/lang/Object;[Ljava/lang/Object;)Ljava/lang/Object; java.base@17.0.10 (0 bytes) @ 0x00007ea5ed2a673f [0x00007ea5ed2a66c0+0x000000000000007f]
J 5406 c1 jdk.internal.reflect.NativeMethodAccessorImpl.invoke(Ljava/lang/Object;[Ljava/lang/Object;)Ljava/lang/Object; java.base@17.0.10 (137 bytes) @ 0x00007ea5e5dfd004 [0x00007ea5e5dfc600+0x0000000000000a04]
J 860 c1 jdk.internal.reflect.DelegatingMethodAccessorImpl.invoke(Ljava/lang/Object;[Ljava/lang/Object;)Ljava/lang/Object; java.base@17.0.10 (10 bytes) @ 0x00007ea5e5580ccc [0x00007ea5e5580bc0+0x000000000000010c]
J 859 c1 java.lang.reflect.Method.invoke(Ljava/lang/Object;[Ljava/lang/Object;)Ljava/lang/Object; java.base@17.0.10 (65 bytes) @ 0x00007ea5e558173c [0x00007ea5e5581400+0x000000000000033c]
j  org.eclipse.e4.core.internal.di.MethodRequestor.execute()Ljava/lang/Object;+90
j  org.eclipse.e4.core.internal.di.InjectorImpl.processAnnotated(Ljava/lang/Class;Ljava/lang/Object;Ljava/lang/Class;Lorg/eclipse/e4/core/di/suppliers/PrimaryObjectSupplier;Lorg/eclipse/e4/core/di/suppliers/PrimaryObjectSupplier;Ljava/util/ArrayList;)V+339
j  org.eclipse.e4.core.internal.di.InjectorImpl.internalInject(Ljava/lang/Object;Lorg/eclipse/e4/core/di/suppliers/PrimaryObjectSupplier;Lorg/eclipse/e4/core/di/suppliers/PrimaryObjectSupplier;)V+174
j  org.eclipse.e4.core.internal.di.InjectorImpl.internalMake(Ljava/lang/Class;Lorg/eclipse/e4/core/di/suppliers/PrimaryObjectSupplier;Lorg/eclipse/e4/core/di/suppliers/PrimaryObjectSupplier;)Ljava/lang/Object;+323
j  org.eclipse.e4.core.internal.di.InjectorImpl.make(Ljava/lang/Class;Lorg/eclipse/e4/core/di/suppliers/PrimaryObjectSupplier;Lorg/eclipse/e4/core/di/suppliers/PrimaryObjectSupplier;)Ljava/lang/Object;+13
j  org.eclipse.e4.core.contexts.ContextInjectionFactory.make(Ljava/lang/Class;Lorg/eclipse/e4/core/contexts/IEclipseContext;Lorg/eclipse/e4/core/contexts/IEclipseContext;)Ljava/lang/Object;+24
j  org.eclipse.e4.ui.internal.workbench.ReflectionContributionFactory.createFromBundle(Lorg/osgi/framework/Bundle;Lorg/eclipse/e4/core/contexts/IEclipseContext;Lorg/eclipse/e4/core/contexts/IEclipseContext;Lorg/eclipse/emf/common/util/URI;)Ljava/lang/Object;+181
j  org.eclipse.e4.ui.internal.workbench.ReflectionContributionFactory.doCreate(Ljava/lang/String;Lorg/eclipse/e4/core/contexts/IEclipseContext;Lorg/eclipse/e4/core/contexts/IEclipseContext;)Ljava/lang/Object;+90
j  org.eclipse.e4.ui.internal.workbench.ReflectionContributionFactory.create(Ljava/lang/String;Lorg/eclipse/e4/core/contexts/IEclipseContext;Lorg/eclipse/e4/core/contexts/IEclipseContext;)Ljava/lang/Object;+4
j  org.eclipse.e4.ui.workbench.renderers.swt.ToolControlRenderer.createWidget(Lorg/eclipse/e4/ui/model/application/ui/MUIElement;Ljava/lang/Object;)Ljava/lang/Object;+187
j  org.eclipse.e4.ui.internal.workbench.swt.PartRenderingEngine.createWidget(Lorg/eclipse/e4/ui/model/application/ui/MUIElement;Ljava/lang/Object;)Ljava/lang/Object;+21
j  org.eclipse.e4.ui.internal.workbench.swt.PartRenderingEngine.safeCreateGui(Lorg/eclipse/e4/ui/model/application/ui/MUIElement;Ljava/lang/Object;Lorg/eclipse/e4/core/contexts/IEclipseContext;)Ljava/lang/Object;+563
j  org.eclipse.e4.ui.internal.workbench.swt.PartRenderingEngine.safeCreateGui(Lorg/eclipse/e4/ui/model/application/ui/MUIElement;)Ljava/lang/Object;+168
j  org.eclipse.e4.ui.internal.workbench.swt.PartRenderingEngine$2.run()V+13
J 4464 c1 org.eclipse.core.runtime.SafeRunner.run(Lorg/eclipse/core/runtime/ISafeRunnable;)V (20 bytes) @ 0x00007ea5e5bb2fdc [0x00007ea5e5bb2e80+0x000000000000015c]
j  org.eclipse.e4.ui.internal.workbench.swt.PartRenderingEngine.createGui(Lorg/eclipse/e4/ui/model/application/ui/MUIElement;)Ljava/lang/Object;+15
j  org.eclipse.e4.ui.workbench.renderers.swt.SWTPartRenderer.processContents(Lorg/eclipse/e4/ui/model/application/ui/MElementContainer;)V+57
j  org.eclipse.e4.ui.workbench.renderers.swt.TrimBarRenderer.processContents(Lorg/eclipse/e4/ui/model/application/ui/MElementContainer;)V+10
j  org.eclipse.e4.ui.internal.workbench.swt.PartRenderingEngine.safeCreateGui(Lorg/eclipse/e4/ui/model/application/ui/MUIElement;Ljava/lang/Object;Lorg/eclipse/e4/core/contexts/IEclipseContext;)Ljava/lang/Object;+603
j  org.eclipse.e4.ui.internal.workbench.swt.PartRenderingEngine$1.run()V+21
J 4464 c1 org.eclipse.core.runtime.SafeRunner.run(Lorg/eclipse/core/runtime/ISafeRunnable;)V (20 bytes) @ 0x00007ea5e5bb2fdc [0x00007ea5e5bb2e80+0x000000000000015c]
j  org.eclipse.e4.ui.internal.workbench.swt.PartRenderingEngine.createGui(Lorg/eclipse/e4/ui/model/application/ui/MUIElement;Ljava/lang/Object;Lorg/eclipse/e4/core/contexts/IEclipseContext;)Ljava/lang/Object;+19
j  org.eclipse.e4.ui.workbench.renderers.swt.WBWRenderer.processContents(Lorg/eclipse/e4/ui/model/application/ui/MElementContainer;)V+227
j  org.eclipse.e4.ui.internal.workbench.swt.PartRenderingEngine.safeCreateGui(Lorg/eclipse/e4/ui/model/application/ui/MUIElement;Ljava/lang/Object;Lorg/eclipse/e4/core/contexts/IEclipseContext;)Ljava/lang/Object;+603
j  org.eclipse.e4.ui.internal.workbench.swt.PartRenderingEngine.safeCreateGui(Lorg/eclipse/e4/ui/model/application/ui/MUIElement;)Ljava/lang/Object;+168
j  org.eclipse.e4.ui.internal.workbench.swt.PartRenderingEngine$2.run()V+13
J 4464 c1 org.eclipse.core.runtime.SafeRunner.run(Lorg/eclipse/core/runtime/ISafeRunnable;)V (20 bytes) @ 0x00007ea5e5bb2fdc [0x00007ea5e5bb2e80+0x000000000000015c]
j  org.eclipse.e4.ui.internal.workbench.swt.PartRenderingEngine.createGui(Lorg/eclipse/e4/ui/model/application/ui/MUIElement;)Ljava/lang/Object;+15
j  org.eclipse.e4.ui.internal.workbench.swt.PartRenderingEngine$5.run()V+238
j  org.eclipse.core.databinding.observable.Realm.runWithDefault(Lorg/eclipse/core/databinding/observable/Realm;Ljava/lang/Runnable;)V+12
j  org.eclipse.e4.ui.internal.workbench.swt.PartRenderingEngine.run(Lorg/eclipse/e4/ui/model/application/MApplicationElement;Lorg/eclipse/e4/core/contexts/IEclipseContext;)Ljava/lang/Object;+57
j  org.eclipse.e4.ui.internal.workbench.E4Workbench.createAndRunUI(Lorg/eclipse/e4/ui/model/application/MApplicationElement;)V+20
j  org.eclipse.ui.internal.Workbench.lambda$3(Lorg/eclipse/swt/widgets/Display;Lorg/eclipse/ui/application/WorkbenchAdvisor;[I)V+393
j  org.eclipse.ui.internal.Workbench$$Lambda$110+0x000000080026b198.run()V+12
j  org.eclipse.core.databinding.observable.Realm.runWithDefault(Lorg/eclipse/core/databinding/observable/Realm;Ljava/lang/Runnable;)V+12
j  org.eclipse.ui.internal.Workbench.createAndRunWorkbench(Lorg/eclipse/swt/widgets/Display;Lorg/eclipse/ui/application/WorkbenchAdvisor;)I+16
j  org.eclipse.ui.PlatformUI.createAndRunWorkbench(Lorg/eclipse/swt/widgets/Display;Lorg/eclipse/ui/application/WorkbenchAdvisor;)I+2
j  org.apache.directory.studio.Application.start(Lorg/eclipse/equinox/app/IApplicationContext;)Ljava/lang/Object;+12
j  org.eclipse.equinox.internal.app.EclipseAppHandle.run(Ljava/lang/Object;)Ljava/lang/Object;+138
j  org.eclipse.core.runtime.internal.adaptor.EclipseAppLauncher.runApplication(Ljava/lang/Object;)Ljava/lang/Object;+85
j  org.eclipse.core.runtime.internal.adaptor.EclipseAppLauncher.start(Ljava/lang/Object;)Ljava/lang/Object;+79
j  org.eclipse.core.runtime.adaptor.EclipseStarter.run(Ljava/lang/Object;)Ljava/lang/Object;+99
j  org.eclipse.core.runtime.adaptor.EclipseStarter.run([Ljava/lang/String;Ljava/lang/Runnable;)Ljava/lang/Object;+132
v  ~StubRoutines::call_stub
j  jdk.internal.reflect.NativeMethodAccessorImpl.invoke0(Ljava/lang/reflect/Method;Ljava/lang/Object;[Ljava/lang/Object;)Ljava/lang/Object;+0 java.base@17.0.10
j  jdk.internal.reflect.NativeMethodAccessorImpl.invoke(Ljava/lang/Object;[Ljava/lang/Object;)Ljava/lang/Object;+133 java.base@17.0.10
j  jdk.internal.reflect.DelegatingMethodAccessorImpl.invoke(Ljava/lang/Object;[Ljava/lang/Object;)Ljava/lang/Object;+6 java.base@17.0.10
j  java.lang.reflect.Method.invoke(Ljava/lang/Object;[Ljava/lang/Object;)Ljava/lang/Object;+59 java.base@17.0.10
j  org.eclipse.equinox.launcher.Main.invokeFramework([Ljava/lang/String;[Ljava/net/URL;)V+201
j  org.eclipse.equinox.launcher.Main.basicRun([Ljava/lang/String;)V+159
j  org.eclipse.equinox.launcher.Main.run([Ljava/lang/String;)I+4
j  org.eclipse.equinox.launcher.Main.main([Ljava/lang/String;)V+10
v  ~StubRoutines::call_stub

siginfo: si_signo: 11 (SIGSEGV), si_code: 1 (SEGV_MAPERR), si_addr: 0x0000000000000000

Registers:
RAX=0x0000000000000000, RBX=0x00007ea5b16de638, RCX=0xffffffffffffffff, RDX=0x0000000000000000
RSP=0x00007ea600df5528, RBP=0x00007ea600df5570, RSI=0x00007ea600df5560, RDI=0x0000000000000000
R8 =0x000000000000000e, R9 =0x0000000000000000, R10=0x00007ea5ed2697e9, R11=0x00007ea5ed2697c0
R12=0x0000000000000000, R13=0x00007ea600df5590, R14=0x00007ea600df5560, R15=0x00007ea5fc014690
RIP=0x00007ea5a1236f48, EFLAGS=0x0000000000010246, CSGSFS=0x002b000000000033, ERR=0x0000000000000004
  TRAPNO=0x000000000000000e


Register to memory mapping:

RAX=0x0 is NULL
RBX={method} {0x00007ea5b16de638} 'strlen' '(J)I' in 'org/eclipse/swt/internal/C'
RCX=0xffffffffffffffff is an unknown value
RDX=0x0 is NULL
RSP=0x00007ea600df5528 is pointing into the stack for thread: 0x00007ea5fc014690
RBP=0x00007ea600df5570 is pointing into the stack for thread: 0x00007ea5fc014690
RSI=0x00007ea600df5560 is pointing into the stack for thread: 0x00007ea5fc014690
RDI=0x0 is NULL
R8 =0x000000000000000e is an unknown value
R9 =0x0 is NULL
R10=0x00007ea5ed2697e9 is at entry_point+73 in (nmethod*)0x00007ea5ed269610
Compiled method (n/a)    3364 5108     n 0       org.eclipse.swt.internal.C::strlen (native)
 total in heap  [0x00007ea5ed269610,0x00007ea5ed269980] = 880
 relocation     [0x00007ea5ed269770,0x00007ea5ed2697a0] = 48
 main code      [0x00007ea5ed2697a0,0x00007ea5ed269978] = 472
 oops           [0x00007ea5ed269978,0x00007ea5ed269980] = 8
R11=0x00007ea5ed2697c0 is at entry_point+32 in (nmethod*)0x00007ea5ed269610
Compiled method (n/a)    3364 5108     n 0       org.eclipse.swt.internal.C::strlen (native)
 total in heap  [0x00007ea5ed269610,0x00007ea5ed269980] = 880
 relocation     [0x00007ea5ed269770,0x00007ea5ed2697a0] = 48
 main code      [0x00007ea5ed2697a0,0x00007ea5ed269978] = 472
 oops           [0x00007ea5ed269978,0x00007ea5ed269980] = 8
R12=0x0 is NULL
R13=0x00007ea600df5590 is pointing into the stack for thread: 0x00007ea5fc014690
R14=0x00007ea600df5560 is pointing into the stack for thread: 0x00007ea5fc014690
R15=0x00007ea5fc014690 is a thread


Top of Stack: (sp=0x00007ea600df5528)
0x00007ea600df5528:   00007ea5ed26985c 00007ea5fc014690
0x00007ea600df5538:   00007ea5b16db868 00007ea5b16c7b70
0x00007ea600df5548:   00007ea5fc014690 00007ea600df5608
0x00007ea600df5558:   00007ea5ec878bdd 000000061144e6f8
0x00007ea600df5568:   00007ea500000000 00007ea600df55e8
0x00007ea600df5578:   00007ea5ec868317 0000000800253de8
0x00007ea600df5588:   00007ea5ec868317 0000000000000000
0x00007ea600df5598:   0000000000000000 00007ea600df55a0
0x00007ea600df55a8:   00007ea5b16c7b09 00007ea600df5618
0x00007ea600df55b8:   00007ea5b16af730 0000000000000000
0x00007ea600df55c8:   00000006114522a0 00007ea5b16c7b70
0x00007ea600df55d8:   00007ea600df5590 00007ea600df5608
0x00007ea600df55e8:   00007ea600df5668 00007ea5ec86823e
0x00007ea600df55f8:   0000000000000000 0000000000000000
0x00007ea600df5608:   0000000000000000 0000000000000000
0x00007ea600df5618:   0000000000000000 00007ea600df5620
0x00007ea600df5628:   00007ea5b2d67e12 00007ea600df56c8
0x00007ea600df5638:   00007ea5b2d6a060 0000000000000000
0x00007ea600df5648:   00000006144bf8c8 00007ea5b2d69d68
0x00007ea600df5658:   00007ea600df5608 00007ea600df56b0
0x00007ea600df5668:   00007ea600df5730 00007ea5ec85fcc9
0x00007ea600df5678:   0000000000000000 0000000000000000
0x00007ea600df5688:   0000000000000000 0000000000000000
0x00007ea600df5698:   0000000614732ca0 0000000614732968
0x00007ea600df56a8:   0000000614725d30 0000000000000000
0x00007ea600df56b8:   00007ea600df5960 00007ea5fdc17a00
0x00007ea600df56c8:   0000000000000000 0000000000001fa1
0x00007ea600df56d8:   00007ea600df5930 000000000000000e
0x00007ea600df56e8:   0000000000000004 00007ea600df5870
0x00007ea600df56f8:   00007ea5fc014690 00007ea600df57b0
0x00007ea600df5708:   00007ea600df5938 96cbd7330000000a
0x00007ea600df5718:   00007ea5b2d69d68 00007ea5ec86b4c0 

Instructions: (pc=0x00007ea5a1236f48)
0x00007ea5a1236e48:   48 89 d7 4c 89 c2 89 ce e8 db f5 ff ff 48 83 c4
0x00007ea5a1236e58:   08 c3 41 57 41 56 41 55 41 54 55 53 48 83 ec 08
0x00007ea5a1236e68:   48 89 fb 49 89 d4 49 89 cd 45 89 c6 48 85 d2 74
0x00007ea5a1236e78:   1b 48 8b 07 ba 00 00 00 00 4c 89 e6 ff 90 c0 05
0x00007ea5a1236e88:   00 00 48 89 c5 48 85 c0 75 07 eb 4c bd 00 00 00
0x00007ea5a1236e98:   00 4d 85 ed 74 74 48 8b 03 ba 00 00 00 00 4c 89
0x00007ea5a1236ea8:   ee 48 89 df ff 90 c0 05 00 00 49 89 c7 48 85 c0
0x00007ea5a1236eb8:   75 2e eb 24 48 85 ed 90 74 65 4d 85 e4 74 60 48
0x00007ea5a1236ec8:   8b 03 b9 00 00 00 00 48 89 ea 4c 89 e6 48 89 df
0x00007ea5a1236ed8:   ff 90 00 06 00 00 eb 47 41 be 00 00 00 00 eb d4
0x00007ea5a1236ee8:   44 89 f2 48 89 c6 48 89 ef e8 2a f5 ff ff 41 89
0x00007ea5a1236ef8:   c6 48 8b 03 b9 00 00 00 00 4c 89 fa 4c 89 ee 48
0x00007ea5a1236f08:   89 df ff 90 00 06 00 00 eb aa 44 89 f2 be 00 00
0x00007ea5a1236f18:   00 00 48 89 ef e8 fe f4 ff ff 41 89 c6 eb 95 44
0x00007ea5a1236f28:   89 f0 48 83 c4 08 5b 5d 41 5c 41 5d 41 5e 41 5f
0x00007ea5a1236f38:   c3 48 89 d7 b8 00 00 00 00 48 c7 c1 ff ff ff ff
0x00007ea5a1236f48:   f2 ae 48 f7 d1 48 8d 41 ff c3 41 57 41 56 41 55
0x00007ea5a1236f58:   41 54 55 53 48 83 ec 38 48 89 fd 49 89 d4 48 89
0x00007ea5a1236f68:   4c 24 10 4d 89 c6 4d 89 cd 8b 44 24 78 89 44 24
0x00007ea5a1236f78:   20 8b 84 24 80 00 00 00 89 44 24 24 83 3d 15 d9
0x00007ea5a1236f88:   24 00 00 75 0c 48 8b 07 ff 50 20 89 05 07 d9 24
0x00007ea5a1236f98:   00 83 3d 04 d9 24 00 00 75 20 ba 00 38 00 00 be
0x00007ea5a1236fa8:   00 00 00 00 48 8d 3d 0d d9 24 00 e8 78 f4 ff ff
0x00007ea5a1236fb8:   c7 05 e2 d8 24 00 01 00 00 00 41 bf 00 00 00 00
0x00007ea5a1236fc8:   4d 85 f6 74 18 48 8b 45 00 ba 00 00 00 00 4c 89
0x00007ea5a1236fd8:   f6 48 89 ef ff 90 48 05 00 00 49 89 c7 4d 85 ed
0x00007ea5a1236fe8:   0f 84 2e 02 00 00 48 8b 45 00 ba 00 00 00 00 4c
0x00007ea5a1236ff8:   89 ee 48 89 ef ff 90 48 05 00 00 48 89 44 24 08
0x00007ea5a1237008:   4d 85 ff 0f 95 44 24 1f 48 83 7c 24 10 00 0f 84
0x00007ea5a1237018:   97 01 00 00 80 7c 24 1f 00 0f 84 8c 01 00 00 48
0x00007ea5a1237028:   85 c0 0f 84 8b 01 00 00 80 7c 24 20 00 74 21 48
0x00007ea5a1237038:   8b 45 00 48 8b 4c 24 08 4c 89 fa 48 8b 74 24 10 


Stack slot to memory mapping:
stack at sp + 0 slots: 0x00007ea5ed26985c is at entry_point+188 in (nmethod*)0x00007ea5ed269610
Compiled method (n/a)    3367 5108     n 0       org.eclipse.swt.internal.C::strlen (native)
 total in heap  [0x00007ea5ed269610,0x00007ea5ed269980] = 880
 relocation     [0x00007ea5ed269770,0x00007ea5ed2697a0] = 48
 main code      [0x00007ea5ed2697a0,0x00007ea5ed269978] = 472
 oops           [0x00007ea5ed269978,0x00007ea5ed269980] = 8
stack at sp + 1 slots: 0x00007ea5fc014690 is a thread
stack at sp + 2 slots: {method} {0x00007ea5b16db868} 'g_dbus_server_get_client_address' '(J)J' in 'org/eclipse/swt/internal/gtk/OS'
stack at sp + 3 slots: {method} {0x00007ea5b16c7b70} 'cCharPtrToJavaString' '(JZ)Ljava/lang/String;' in 'org/eclipse/swt/internal/Converter'
stack at sp + 4 slots: 0x00007ea5fc014690 is a thread
stack at sp + 5 slots: 0x00007ea600df5608 is pointing into the stack for thread: 0x00007ea5fc014690
stack at sp + 6 slots: 0x00007ea5ec878bdd is at code_begin+93 in an Interpreter codelet
invokestatic  184 invokestatic  [0x00007ea5ec878b80, 0x00007ea5ec878e40]  704 bytes
stack at sp + 7 slots: 0x000000061144e6f8 is an oop: java.lang.Class 
{0x000000061144e6f8} - klass: 'java/lang/Class'
 - ---- fields (total size 15 words):
 - private volatile transient 'classRedefinedCount' 'I' @12  0
 - private volatile transient 'cachedConstructor' 'Ljava/lang/reflect/Constructor;' @40  NULL (0)
 - private transient 'name' 'Ljava/lang/String;' @44  "org.eclipse.swt.internal.C"{0x000000061144e770} (c2289cee)
 - private transient 'module' 'Ljava/lang/Module;' @48  a 'java/lang/Module'{0x0000000611416648} (c2282cc9)
 - private final 'classLoader' 'Ljava/lang/ClassLoader;' @52  a 'org/eclipse/osgi/internal/loader/EquinoxClassLoader'{0x00000006114165d8} (c2282cbb)
 - private transient 'classData' 'Ljava/lang/Object;' @56  NULL (0)
 - private transient 'packageName' 'Ljava/lang/String;' @60  "org.eclipse.swt.internal"{0x0000000611424ce8} (c228499d)
 - private final 'componentType' 'Ljava/lang/Class;' @64  NULL (0)
 - private volatile transient 'reflectionData' 'Ljava/lang/ref/SoftReference;' @68  NULL (0)
 - private volatile transient 'genericInfo' 'Lsun/reflect/generics/repository/ClassRepository;' @72  NULL (0)
 - private volatile transient 'enumConstants' '[Ljava/lang/Object;' @76  NULL (0)
 - private volatile transient 'enumConstantDirectory' 'Ljava/util/Map;' @80  NULL (0)
 - private volatile transient 'annotationData' 'Ljava/lang/Class$AnnotationData;' @84  NULL (0)
 - private volatile transient 'annotationType' 'Lsun/reflect/annotation/AnnotationType;' @88  NULL (0)
 - transient 'classValueMap' 'Ljava/lang/ClassValue$ClassValueMap;' @92  NULL (0)
 - signature: Lorg/eclipse/swt/internal/C;
 - fake entry for mirror: 'org/eclipse/swt/internal/C'
 - fake entry for array: NULL
 - fake entry for oop_size: 15
 - fake entry for static_oop_field_count: 0
 - public static final 'PTR_SIZEOF' 'I' @112  8


Compiled method (n/a)    3369 5108     n 0       org.eclipse.swt.internal.C::strlen (native)
 total in heap  [0x00007ea5ed269610,0x00007ea5ed269980] = 880
 relocation     [0x00007ea5ed269770,0x00007ea5ed2697a0] = 48
 main code      [0x00007ea5ed2697a0,0x00007ea5ed269978] = 472
 oops           [0x00007ea5ed269978,0x00007ea5ed269980] = 8

[Constant Pool (empty)]

[MachCode]
[Entry Point]
  # {method} {0x00007ea5b16de638} 'strlen' '(J)I' in 'org/eclipse/swt/internal/C'
  # parm0:    rsi:rsi   = long
  #           [sp+0x50]  (sp of caller)
  0x00007ea5ed2697a0: 448b 5608 | 49bb 0000 | 0000 0800 | 0000 4d03 | d349 3bc2 | 0f84 0600 

  0x00007ea5ed2697b8: ;   {runtime_call ic_miss_stub}
  0x00007ea5ed2697b8: 0000 e9c1 | 6564 ff90 
[Verified Entry Point]
  0x00007ea5ed2697c0: 8984 2400 | c0fe ff55 | 488b ec48 | 83ec 4048 

  0x00007ea5ed2697d0: ;   {oop(a 'java/lang/Class'{0x000000061144e6f8} = 'org/eclipse/swt/internal/C')}
  0x00007ea5ed2697d0: 8bd6 49be | f8e6 4411 | 0600 0000 | 4c89 7424 | 304c 8d74 | 2430 498b | f6c5 f877 

  0x00007ea5ed2697ec: ;   {internal_word}
  0x00007ea5ed2697ec: 49ba e997 | 26ed a57e | 0000 4d89 | 9798 0200 | 0049 89a7 | 9002 0000 

  0x00007ea5ed269804: ;   {external_word}
  0x00007ea5ed269804: 803d 2dcf | 0015 000f | 8434 0000 

  0x00007ea5ed269810: ;   {metadata({method} {0x00007ea5b16de638} 'strlen' '(J)I' in 'org/eclipse/swt/internal/C')}
  0x00007ea5ed269810: 0056 5248 | be38 e66d | b1a5 7e00 | 0049 8bff | f7c4 0f00 | 0000 0f84 | 1200 0000 | 4883 ec08 
  0x00007ea5ed269830: ;   {runtime_call}
  0x00007ea5ed269830: e8bb 9a9a | 1448 83c4 | 08e9 0500 

  0x00007ea5ed26983c: ;   {runtime_call}
  0x00007ea5ed26983c: 0000 e8ad | 9a9a 145a | 5e49 8dbf | b002 0000 | 41c7 8740 | 0300 0004 

  0x00007ea5ed269854: ;   {runtime_call Java_org_eclipse_swt_internal_C_strlen}
  0x00007ea5ed269854: 0000 00e8 | ddd6 fcb3 | c5f8 7741 | c787 4003 | 0000 0500 | 0000 f083 | 4424 c000 | 493b af48 
  0x00007ea5ed269874: 0300 000f | 8711 0000 | 0041 81bf | 3003 0000 | 0000 0000 | 0f84 2400 | 0000 c5f8 | 7748 8945 
  0x00007ea5ed269894: f849 8bff | 4c8b e448 | 83ec 0048 

  0x00007ea5ed2698a0: ;   {runtime_call}
  0x00007ea5ed2698a0: 83e4 f0e8 | 983e bb14 | 498b e44d | 33e4 488b | 45f8 41c7 | 8740 0300 | 0008 0000 | 0041 81bf 
  0x00007ea5ed2698c0: b003 0000 | 0200 0000 | 0f84 8400 

  0x00007ea5ed2698cc: ;   {external_word}
  0x00007ea5ed2698cc: 0000 803d | 63ce 0015 | 000f 8438 | 0000 0048 

  0x00007ea5ed2698dc: ;   {metadata({method} {0x00007ea5b16de638} 'strlen' '(J)I' in 'org/eclipse/swt/internal/C')}
  0x00007ea5ed2698dc: 8945 f848 | be38 e66d | b1a5 7e00 | 0049 8bff | f7c4 0f00 | 0000 0f84 | 1200 0000 | 4883 ec08 
  0x00007ea5ed2698fc: ;   {runtime_call}
  0x00007ea5ed2698fc: e8ff 999a | 1448 83c4 | 08e9 0500 

  0x00007ea5ed269908: ;   {runtime_call}
  0x00007ea5ed269908: 0000 e8f1 | 999a 1448 | 8b45 f849 | c787 9002 | 0000 0000 | 0000 49c7 | 8798 0200 | 0000 0000 
  0x00007ea5ed269928: 00c5 f877 | 498b 8fd8 | 0000 00c7 | 8100 0100 | 0000 0000 | 00c9 4981 | 7f08 0000 | 0000 0f85 
  0x00007ea5ed269948: 0100 0000 

  0x00007ea5ed26994c: ;   {runtime_call StubRoutines (1)}
  0x00007ea5ed26994c: c3e9 ae62 | 5fff c5f8 | 7748 8945 | f84c 8be4 | 4883 ec00 | 4883 e4f0 

  0x00007ea5ed269964: ;   {runtime_call}
  0x00007ea5ed269964: e817 a99a | 1449 8be4 | 4d33 e448 | 8b45 f8e9 | 56ff ffff 
[/MachCode]


Compiled method (n/a)    3371 5407     n 0       jdk.internal.reflect.NativeMethodAccessorImpl::invoke0 (native)
 total in heap  [0x00007ea5ed2a6510,0x00007ea5ed2a6958] = 1096
 relocation     [0x00007ea5ed2a6670,0x00007ea5ed2a66a8] = 56
 main code      [0x00007ea5ed2a66c0,0x00007ea5ed2a6958] = 664

[Constant Pool (empty)]

[MachCode]
[Entry Point]
  # {method} {0x00007ea5b08668b0} 'invoke0' '(Ljava/lang/reflect/Method;Ljava/lang/Object;[Ljava/lang/Object;)Ljava/lang/Object;' in 'jdk/internal/reflect/NativeMethodAccessorImpl'
  # parm0:    rsi:rsi   = 'java/lang/reflect/Method'
  # parm1:    rdx:rdx   = 'java/lang/Object'
  # parm2:    rcx:rcx   = '[Ljava/lang/Object;'
  #           [sp+0x50]  (sp of caller)
  0x00007ea5ed2a66c0: 448b 5608 | 49bb 0000 | 0000 0800 | 0000 4d03 | d349 3bc2 | 0f84 0600 

  0x00007ea5ed2a66d8: ;   {runtime_call ic_miss_stub}
  0x00007ea5ed2a66d8: 0000 e9a1 | 9660 ff90 
[Verified Entry Point]
  0x00007ea5ed2a66e0: 8984 2400 | c0fe ff55 | 488b ec48 | 83ec 4048 | 894c 2410 | 4883 f900 | 4c8d 4424 | 104c 0f44 
  0x00007ea5ed2a6700: 4424 1048 | 8954 2408 | 4883 fa00 | 488d 4c24 | 0848 0f44 | 4c24 0848 | 8934 2448 | 83fe 0048 
  0x00007ea5ed2a6720: 8d14 2448 | 0f44 1424 

  0x00007ea5ed2a6728: ;   {oop(a 'java/lang/Class'{0x00000006106204f0} = 'jdk/internal/reflect/NativeMethodAccessorImpl')}
  0x00007ea5ed2a6728: 49be f004 | 6210 0600 | 0000 4c89 | 7424 304c | 8d74 2430 | 498b f6c5 

  0x00007ea5ed2a6740: ;   {internal_word}
  0x00007ea5ed2a6740: f877 49ba | 3f67 2aed | a57e 0000 | 4d89 9798 | 0200 0049 | 89a7 9002 

  0x00007ea5ed2a6758: ;   {external_word}
  0x00007ea5ed2a6758: 0000 803d | d7ff fc14 | 000f 843a | 0000 0056 | 5251 4150 

  0x00007ea5ed2a676c: ;   {metadata({method} {0x00007ea5b08668b0} 'invoke0' '(Ljava/lang/reflect/Method;Ljava/lang/Object;[Ljava/lang/Object;)Ljava/lang/Object;' in 'jdk/internal/reflect/NativeMethodAccessorImpl')}
  0x00007ea5ed2a676c: 48be b068 | 86b0 a57e | 0000 498b | fff7 c40f | 0000 000f | 8412 0000 | 0048 83ec 

  0x00007ea5ed2a6788: ;   {runtime_call}
  0x00007ea5ed2a6788: 08e8 62cb | 9614 4883 | c408 e905 

  0x00007ea5ed2a6794: ;   {runtime_call}
  0x00007ea5ed2a6794: 0000 00e8 | 54cb 9614 | 4158 595a | 5e49 8dbf | b002 0000 | 41c7 8740 | 0300 0004 

  0x00007ea5ed2a67b0: ;   {runtime_call Java_jdk_internal_reflect_NativeMethodAccessorImpl_invoke0}
  0x00007ea5ed2a67b0: 0000 00e8 | 2852 4615 | c5f8 7741 | c787 4003 | 0000 0500 | 0000 f083 | 4424 c000 | 493b af48 
  0x00007ea5ed2a67d0: 0300 000f | 8711 0000 | 0041 81bf | 3003 0000 | 0000 0000 | 0f84 2400 | 0000 c5f8 | 7748 8945 
  0x00007ea5ed2a67f0: f849 8bff | 4c8b e448 | 83ec 0048 

  0x00007ea5ed2a67fc: ;   {runtime_call}
  0x00007ea5ed2a67fc: 83e4 f0e8 | 3c6f b714 | 498b e44d | 33e4 488b | 45f8 41c7 | 8740 0300 | 0008 0000 | 0041 81bf 
  0x00007ea5ed2a681c: b003 0000 | 0200 0000 | 0f84 0801 

  0x00007ea5ed2a6828: ;   {external_word}
  0x00007ea5ed2a6828: 0000 803d | 07ff fc14 | 000f 8438 | 0000 0048 

  0x00007ea5ed2a6838: ;   {metadata({method} {0x00007ea5b08668b0} 'invoke0' '(Ljava/lang/reflect/Method;Ljava/lang/Object;[Ljava/lang/Object;)Ljava/lang/Object;' in 'jdk/internal/reflect/NativeMethodAccessorImpl')}
  0x00007ea5ed2a6838: 8945 f848 | beb0 6886 | b0a5 7e00 | 0049 8bff | f7c4 0f00 | 0000 0f84 | 1200 0000 | 4883 ec08 
  0x00007ea5ed2a6858: ;   {runtime_call}
  0x00007ea5ed2a6858: e8a3 ca96 | 1448 83c4 | 08e9 0500 

  0x00007ea5ed2a6864: ;   {runtime_call}
  0x00007ea5ed2a6864: 0000 e895 | ca96 1448 | 8b45 f849 | c787 9002 | 0000 0000 | 0000 49c7 | 8798 0200 | 0000 0000 
  0x00007ea5ed2a6884: 00c5 f877 | 4885 c00f | 847b 0000 | 0048 f7c0 | 0100 0000 | 0f84 6b00 | 0000 488b | 40ff 4180 
  0x00007ea5ed2a68a4: 7f38 000f | 8457 0000 | 0048 83f8 | 000f 844d | 0000 0049 | 8b4f 2048 | 83f9 000f | 8414 0000 
  0x00007ea5ed2a68c4: 0048 83e9 | 0849 894f | 2049 034f | 3048 8901 | e92b 0000 | 0050 498b | f748 8bf8 | f7c4 0f00 
  0x00007ea5ed2a68e4: 0000 0f84 | 1200 0000 | 4883 ec08 

  0x00007ea5ed2a68f0: ;   {runtime_call}
  0x00007ea5ed2a68f0: e84b 3816 | 1448 83c4 | 08e9 0500 

  0x00007ea5ed2a68fc: ;   {runtime_call}
  0x00007ea5ed2a68fc: 0000 e83d | 3816 1458 | e903 0000 | 0048 8b00 | 498b 8fd8 | 0000 00c7 | 8100 0100 | 0000 0000 
  0x00007ea5ed2a691c: 00c9 4981 | 7f08 0000 | 0000 0f85 | 0100 0000 

  0x00007ea5ed2a692c: ;   {runtime_call StubRoutines (1)}
  0x00007ea5ed2a692c: c3e9 ce92 | 5bff c5f8 | 7748 8945 | f84c 8be4 | 4883 ec00 | 4883 e4f0 

  0x00007ea5ed2a6944: ;   {runtime_call}
  0x00007ea5ed2a6944: e837 d996 | 1449 8be4 | 4d33 e448 | 8b45 f8e9 | d2fe ffff 
[/MachCode]


Compiled method (c1)    3374 5406   !   3       jdk.internal.reflect.NativeMethodAccessorImpl::invoke (137 bytes)
 total in heap  [0x00007ea5e5dfc390,0x00007ea5e5dfd748] = 5048
 relocation     [0x00007ea5e5dfc4f0,0x00007ea5e5dfc5e8] = 248
 main code      [0x00007ea5e5dfc600,0x00007ea5e5dfd200] = 3072
 stub code      [0x00007ea5e5dfd200,0x00007ea5e5dfd280] = 128
 metadata       [0x00007ea5e5dfd280,0x00007ea5e5dfd2c8] = 72
 scopes data    [0x00007ea5e5dfd2c8,0x00007ea5e5dfd420] = 344
 scopes pcs     [0x00007ea5e5dfd420,0x00007ea5e5dfd5c0] = 416
 dependencies   [0x00007ea5e5dfd5c0,0x00007ea5e5dfd5c8] = 8
 handler table  [0x00007ea5e5dfd5c8,0x00007ea5e5dfd700] = 312
 nul chk table  [0x00007ea5e5dfd700,0x00007ea5e5dfd748] = 72

[Constant Pool (empty)]

[MachCode]
[Entry Point]
  # {method} {0x00007ea5b0866778} 'invoke' '(Ljava/lang/Object;[Ljava/lang/Object;)Ljava/lang/Object;' in 'jdk/internal/reflect/NativeMethodAccessorImpl'
  # this:     rsi:rsi   = 'jdk/internal/reflect/NativeMethodAccessorImpl'
  # parm0:    rdx:rdx   = 'java/lang/Object'
  # parm1:    rcx:rcx   = '[Ljava/lang/Object;'
  #           [sp+0xd0]  (sp of caller)
  0x00007ea5e5dfc600: 448b 5608 | 49bb 0000 | 0000 0800 | 0000 4d03 | d34c 3bd0 

  0x00007ea5e5dfc614: ;   {runtime_call ic_miss_stub}
  0x00007ea5e5dfc614: 0f85 6637 | ab06 660f | 1f44 0000 
[Verified Entry Point]
  0x00007ea5e5dfc620: 8984 2400 | c0fe ff55 | 4881 ecc0 | 0000 0048 | 8974 2470 

  0x00007ea5e5dfc634: ;   {metadata(method data for {method} {0x00007ea5b0866778} 'invoke' '(Ljava/lang/Object;[Ljava/lang/Object;)Ljava/lang/Object;' in 'jdk/internal/reflect/NativeMethodAccessorImpl')}
  0x00007ea5e5dfc634: 48bf 9886 | 5fb1 a57e | 0000 8b9f | f400 0000 | 83c3 0289 | 9ff4 0000 | 0081 e3fe | 0700 0083 
  0x00007ea5e5dfc654: fb00 0f84 | f109 0000 | 8b7e 0cff | c789 7e0c 

  0x00007ea5e5dfc664: ;   {metadata(method data for {method} {0x00007ea5b0866778} 'invoke' '(Ljava/lang/Object;[Ljava/lang/Object;)Ljava/lang/Object;' in 'jdk/internal/reflect/NativeMethodAccessorImpl')}
  0x00007ea5e5dfc664: 48bb 9886 | 5fb1 a57e | 0000 4883 | 8338 0100 

  0x00007ea5e5dfc674: ;   {metadata(method data for {method} {0x00007ea5b01a8438} 'inflationThreshold' '()I' in 'jdk/internal/reflect/ReflectionFactory')}
  0x00007ea5e5dfc674: 0001 48bb | f8c0 ffb0 | a57e 0000 | 8b83 f400 | 0000 83c0 | 0289 83f4 | 0000 0081 | e0fe ff1f 
  0x00007ea5e5dfc694: 0083 f800 | 0f84 d009 

  0x00007ea5e5dfc69c: ;   {oop(a 'java/lang/Class'{0x0000000610989728} = 'jdk/internal/reflect/ReflectionFactory')}
  0x00007ea5e5dfc69c: 0000 48bb | 2897 9810 | 0600 0000 | 8b5b 783b 

  0x00007ea5e5dfc6ac: ;   {metadata(method data for {method} {0x00007ea5b0866778} 'invoke' '(Ljava/lang/Object;[Ljava/lang/Object;)Ljava/lang/Object;' in 'jdk/internal/reflect/NativeMethodAccessorImpl')}
  0x00007ea5e5dfc6ac: fb48 bf98 | 865f b1a5 | 7e00 0048 | bb58 0100 | 0000 0000 | 000f 8f0a | 0000 0048 | bb48 0100 
  0x00007ea5e5dfc6cc: 0000 0000 | 0048 8b04 | 1f48 8d40 | 0148 8904 | 1f0f 8f08 | 0000 0048 | 8bfe e9fa | 0800 0048 
  0x00007ea5e5dfc6ec: 898c 2480 | 0000 0048 | 8954 2478 | 8b7e 1448 | c1e7 0348 | 3b07 488b 

  0x00007ea5e5dfc704: ;   {metadata(method data for {method} {0x00007ea5b0866778} 'invoke' '(Ljava/lang/Object;[Ljava/lang/Object;)Ljava/lang/Object;' in 'jdk/internal/reflect/NativeMethodAccessorImpl')}
  0x00007ea5e5dfc704: df48 b898 | 865f b1a5 | 7e00 0048 | 8380 6801 | 0000 018b | 7f24 48c1 | e703 483b | 0748 8bdf 
  0x00007ea5e5dfc724: ;   {metadata(method data for {method} {0x00007ea5b0866778} 'invoke' '(Ljava/lang/Object;[Ljava/lang/Object;)Ljava/lang/Object;' in 'jdk/internal/reflect/NativeMethodAccessorImpl')}
  0x00007ea5e5dfc724: 48b8 9886 | 5fb1 a57e | 0000 4883 | 80a0 0100 | 0001 488b | f766 0f1f 

  0x00007ea5e5dfc73c: ;   {optimized virtual_call}
  0x00007ea5e5dfc73c: 4400 00e8 

  0x00007ea5e5dfc740: ; ImmutableOopMap {[112]=Oop [128]=Oop [120]=Oop }
                      ;*invokevirtual isHidden {reexecute=0 rethrow=0 return_oop=0}
                      ; - jdk.internal.reflect.NativeMethodAccessorImpl::invoke@24 (line 57)
  0x00007ea5e5dfc740: 7c6c 1f07 

  0x00007ea5e5dfc744: ;   {metadata(method data for {method} {0x00007ea5b0866778} 'invoke' '(Ljava/lang/Object;[Ljava/lang/Object;)Ljava/lang/Object;' in 'jdk/internal/reflect/NativeMethodAccessorImpl')}
  0x00007ea5e5dfc744: 83f8 0048 | b898 865f | b1a5 7e00 | 0048 bae8 | 0100 0000 | 0000 000f | 840a 0000 | 0048 bad8 
  0x00007ea5e5dfc764: 0100 0000 | 0000 0048 | 8b34 1048 | 8d76 0148 | 8934 100f | 8417 0000 | 0048 8b8c | 2480 0000 
  0x00007ea5e5dfc784: 0048 8b54 | 2478 488b | 7c24 70e9 | 5108 0000 | 488b 7424 | 708b 4610 

  0x00007ea5e5dfc79c: ;   {metadata(method data for {method} {0x00007ea5b0866778} 'invoke' '(Ljava/lang/Object;[Ljava/lang/Object;)Ljava/lang/Object;' in 'jdk/internal/reflect/NativeMethodAccessorImpl')}
  0x00007ea5e5dfc79c: 83f8 0048 | b898 865f | b1a5 7e00 | 0048 ba08 | 0200 0000 | 0000 000f | 840a 0000 | 0048 baf8 
  0x00007ea5e5dfc7bc: 0100 0000 | 0000 0048 | 8b3c 1048 | 8d7f 0148 | 893c 100f | 8415 0000 | 0048 8b8c | 2480 0000 
  0x00007ea5e5dfc7dc: 0048 8b54 | 2478 488b | fee9 fb07 | 0000 488d | 5610 b800 | 0000 00bf | 0100 0000 | f00f b13a 
  0x00007ea5e5dfc7fc: ba01 0000 | 000f 8405 | 0000 00ba | 0000 0000 

  0x00007ea5e5dfc80c: ;   {metadata(method data for {method} {0x00007ea5b0866778} 'invoke' '(Ljava/lang/Object;[Ljava/lang/Object;)Ljava/lang/Object;' in 'jdk/internal/reflect/NativeMethodAccessorImpl')}
  0x00007ea5e5dfc80c: 83fa 0048 | ba98 865f | b1a5 7e00 | 0048 bf60 | 0200 0000 | 0000 000f | 850a 0000 | 0048 bf50 
  0x00007ea5e5dfc82c: 0200 0000 | 0000 0048 | 8b04 3a48 | 8d40 0148 | 8904 3a0f | 8515 0000 | 0048 8b8c | 2480 0000 
  0x00007ea5e5dfc84c: 0048 8b54 | 2478 488b | fee9 8b07 

  0x00007ea5e5dfc858: ;   {metadata('jdk/internal/reflect/MethodAccessorGenerator')}
  0x00007ea5e5dfc858: 0000 48ba | 1839 1500 | 0800 0000 | 488b de49 | 8b87 0801 | 0000 488d | b890 0000 | 0049 3bbf 
  0x00007ea5e5dfc878: 1801 0000 | 0f87 1708 | 0000 4989 | bf08 0100 | 0048 c700 | 0100 0000 | 488b ca49 | ba00 0000 
  0x00007ea5e5dfc898: 0008 0000 | 0049 2bca | 8948 0848 | 33c9 8948 | 0c48 33c9 | 48bf 1000 | 0000 0000 | 0000 4889 
  0x00007ea5e5dfc8b8: 4cf8 0848 | ffcf 75f6 

  0x00007ea5e5dfc8c0: ;   {metadata(method data for {method} {0x00007ea5b0866778} 'invoke' '(Ljava/lang/Object;[Ljava/lang/Object;)Ljava/lang/Object;' in 'jdk/internal/reflect/NativeMethodAccessorImpl')}
  0x00007ea5e5dfc8c0: 488b f048 | bf98 865f | b1a5 7e00 | 0048 8387 | 7002 0000 

  0x00007ea5e5dfc8d4: ;   {metadata(method data for {method} {0x00007ea5b0bd7de0} '<init>' '()V' in 'jdk/internal/reflect/MethodAccessorGenerator')}
  0x00007ea5e5dfc8d4: 0148 be78 | d753 b1a5 | 7e00 008b | bef4 0000 | 0083 c702 | 89be f400 | 0000 81e7 | feff 1f00 
  0x00007ea5e5dfc8f4: 83ff 000f | 84a9 0700 | 0048 8bf0 

  0x00007ea5e5dfc900: ;   {metadata(method data for {method} {0x00007ea5b0bd7de0} '<init>' '()V' in 'jdk/internal/reflect/MethodAccessorGenerator')}
  0x00007ea5e5dfc900: 48bf 78d7 | 53b1 a57e | 0000 4883 | 8738 0100 

  0x00007ea5e5dfc910: ;   {metadata(method data for {method} {0x00007ea5b0bdb248} '<init>' '()V' in 'jdk/internal/reflect/AccessorGenerator')}
  0x00007ea5e5dfc910: 0001 48be | e0d8 53b1 | a57e 0000 | 8bbe f400 | 0000 83c7 | 0289 bef4 | 0000 0081 | e7fe ff1f 
  0x00007ea5e5dfc930: 0083 ff00 | 0f84 8d07 | 0000 488b 

  0x00007ea5e5dfc93c: ;   {metadata(method data for {method} {0x00007ea5b0bdb248} '<init>' '()V' in 'jdk/internal/reflect/AccessorGenerator')}
  0x00007ea5e5dfc93c: f048 bfe0 | d853 b1a5 | 7e00 0048 | 8387 3801 

  0x00007ea5e5dfc94c: ;   {metadata(method data for {method} {0x00007ea5b0000510} '<init>' '()V' in 'java/lang/Object')}
  0x00007ea5e5dfc94c: 0000 0148 | be68 8a24 | b0a5 7e00 | 008b bef4 | 0000 0083 | c702 89be | f400 0000 | 81e7 feff 
  0x00007ea5e5dfc96c: 1f00 83ff | 000f 8471 | 0700 00be | 1e00 0000 | 6689 706a | be49 0000 | 0066 8970 | 6c8b 7314 
  0x00007ea5e5dfc98c: 48c1 e603 

  0x00007ea5e5dfc990: ; implicit exception: dispatches to 0x00007ea5e5dfd109
  0x00007ea5e5dfc990: 483b 0648 

  0x00007ea5e5dfc994: ;   {metadata(method data for {method} {0x00007ea5b0866778} 'invoke' '(Ljava/lang/Object;[Ljava/lang/Object;)Ljava/lang/Object;' in 'jdk/internal/reflect/NativeMethodAccessorImpl')}
  0x00007ea5e5dfc994: 8bfe 48ba | 9886 5fb1 | a57e 0000 | 4883 8280 | 0200 0001 | 8b7e 2448 | c1e7 0348 

  0x00007ea5e5dfc9b0: ;   {metadata(method data for {method} {0x00007ea5b0866778} 'invoke' '(Ljava/lang/Object;[Ljava/lang/Object;)Ljava/lang/Object;' in 'jdk/internal/reflect/NativeMethodAccessorImpl')}
  0x00007ea5e5dfc9b0: 8bd6 48b9 | 9886 5fb1 | a57e 0000 | 4883 81b8 | 0200 0001 | 8b56 2848 | c1e2 0348 

  0x00007ea5e5dfc9cc: ;   {metadata(method data for {method} {0x00007ea5b0866778} 'invoke' '(Ljava/lang/Object;[Ljava/lang/Object;)Ljava/lang/Object;' in 'jdk/internal/reflect/NativeMethodAccessorImpl')}
  0x00007ea5e5dfc9cc: 8bce 49b8 | 9886 5fb1 | a57e 0000 | 4983 80f0 | 0200 0001 

  0x00007ea5e5dfc9e0: ;   {metadata(method data for {method} {0x00007ea5b0069a80} 'getParameterTypes' '()[Ljava/lang/Class;' in 'java/lang/reflect/Method')}
  0x00007ea5e5dfc9e0: 48b9 502e | 56b1 a57e | 0000 448b | 81f4 0000 | 0041 83c0 | 0244 8981 | f400 0000 | 4181 e0fe 
  0x00007ea5e5dfca00: ff1f 0041 | 83f8 000f | 8401 0700 | 008b 7630 | 48c1 e603 

  0x00007ea5e5dfca14: ; implicit exception: dispatches to 0x00007ea5e5dfd12f
  0x00007ea5e5dfca14: 483b 0648 

  0x00007ea5e5dfca18: ;   {metadata(method data for {method} {0x00007ea5b0069a80} 'getParameterTypes' '()[Ljava/lang/Class;' in 'java/lang/reflect/Method')}
  0x00007ea5e5dfca18: 8bce 49b8 | 502e 56b1 | a57e 0000 | 8b49 0849 | ba00 0000 | 0008 0000 | 0049 03ca | 493b 8848 
  0x00007ea5e5dfca38: 0100 0075 | 0d49 8380 | 5001 0000 | 01e9 6600 | 0000 493b | 8858 0100 | 0075 0d49 | 8380 6001 
  0x00007ea5e5dfca58: 0000 01e9 | 5000 0000 | 4981 b848 | 0100 0000 | 0000 0075 | 1749 8988 | 4801 0000 | 49c7 8050 
  0x00007ea5e5dfca78: 0100 0001 | 0000 00e9 | 2c00 0000 | 4981 b858 | 0100 0000 | 0000 0075 | 1749 8988 | 5801 0000 
  0x00007ea5e5dfca98: 49c7 8060 | 0100 0001 | 0000 00e9 | 0800 0000 | 4983 8038 | 0100 0001 | 4889 9424 | 9800 0000 
  0x00007ea5e5dfcab8: 4889 bc24 | 9000 0000 | 4889 8424 | 8800 0000 | 0f1f 4400 | 0048 b8d0 | 8a05 0008 

  0x00007ea5e5dfcad4: ;   {virtual_call}
  0x00007ea5e5dfcad4: 0000 00e8 

  0x00007ea5e5dfcad8: ; ImmutableOopMap {[128]=Oop [120]=Oop [152]=Oop [144]=Oop [136]=Oop [112]=Oop }
                      ;*invokevirtual clone {reexecute=0 rethrow=0 return_oop=0}
                      ; - java.lang.reflect.Method::getParameterTypes@4 (line 314)
                      ; - jdk.internal.reflect.NativeMethodAccessorImpl::invoke@77 (line 65)
  0x00007ea5e5dfcad8: e417 1b07 | 4883 f800 

  0x00007ea5e5dfcae0: ;   {metadata(method data for {method} {0x00007ea5b0069a80} 'getParameterTypes' '()[Ljava/lang/Class;' in 'java/lang/reflect/Method')}
  0x00007ea5e5dfcae0: 7516 48bf | 502e 56b1 | a57e 0000 | 808f 6901 | 0000 01e9 | d300 0000 

  0x00007ea5e5dfcaf8: ;   {metadata('java/lang/Class'[])}
  0x00007ea5e5dfcaf8: 48bb d08a | 0500 0800 | 0000 8b78 | 0849 ba00 | 0000 0008 | 0000 0049 | 03fa 483b | 5f40 0f85 
  0x00007ea5e5dfcb18: 9300 0000 

  0x00007ea5e5dfcb1c: ;   {metadata(method data for {method} {0x00007ea5b0069a80} 'getParameterTypes' '()[Ljava/lang/Class;' in 'java/lang/reflect/Method')}
  0x00007ea5e5dfcb1c: 48bf 502e | 56b1 a57e | 0000 8b58 | 0849 ba00 | 0000 0008 | 0000 0049 | 03da 483b | 9f80 0100 
  0x00007ea5e5dfcb3c: 0075 0d48 | 8387 8801 | 0000 01e9 | 7f00 0000 | 483b 9f90 | 0100 0075 | 0d48 8387 | 9801 0000 
  0x00007ea5e5dfcb5c: 01e9 6900 | 0000 4881 | bf80 0100 | 0000 0000 | 0075 1748 | 899f 8001 | 0000 48c7 | 8788 0100 
  0x00007ea5e5dfcb7c: 0001 0000 | 00e9 4500 | 0000 4881 | bf90 0100 | 0000 0000 | 0075 1748 | 899f 9001 | 0000 48c7 
  0x00007ea5e5dfcb9c: 8798 0100 | 0001 0000 | 00e9 2100 | 0000 e91c 

  0x00007ea5e5dfcbac: ;   {metadata(method data for {method} {0x00007ea5b0069a80} 'getParameterTypes' '()[Ljava/lang/Class;' in 'java/lang/reflect/Method')}
  0x00007ea5e5dfcbac: 0000 0048 | bf50 2e56 | b1a5 7e00 | 0048 83af | 7001 0000 | 01e9 6e05 | 0000 e900 | 0000 0048 
  0x00007ea5e5dfcbcc: 8bf8 488b | 7424 708b | 5e14 48c1 | e303 483b | 0348 8bc3 

  0x00007ea5e5dfcbe0: ;   {metadata(method data for {method} {0x00007ea5b0866778} 'invoke' '(Ljava/lang/Object;[Ljava/lang/Object;)Ljava/lang/Object;' in 'jdk/internal/reflect/NativeMethodAccessorImpl')}
  0x00007ea5e5dfcbe0: 48ba 9886 | 5fb1 a57e | 0000 4883 | 8228 0300 | 0001 8b43 | 2c48 c1e0 | 0348 8bd3 

  0x00007ea5e5dfcbfc: ;   {metadata(method data for {method} {0x00007ea5b0866778} 'invoke' '(Ljava/lang/Object;[Ljava/lang/Object;)Ljava/lang/Object;' in 'jdk/internal/reflect/NativeMethodAccessorImpl')}
  0x00007ea5e5dfcbfc: 48b9 9886 | 5fb1 a57e | 0000 4883 | 8160 0300 

  0x00007ea5e5dfcc0c: ;   {metadata(method data for {method} {0x00007ea5b0069c70} 'getExceptionTypes' '()[Ljava/lang/Class;' in 'java/lang/reflect/Method')}
  0x00007ea5e5dfcc0c: 0001 48ba | a08b 5fb1 | a57e 0000 | 8b8a f400 | 0000 83c1 | 0289 8af4 | 0000 0081 | e1fe ff1f 
  0x00007ea5e5dfcc2c: 0083 f900 | 0f84 0c05 | 0000 8b5b | 3448 c1e3 | 0348 3b03 

  0x00007ea5e5dfcc40: ;   {metadata(method data for {method} {0x00007ea5b0069c70} 'getExceptionTypes' '()[Ljava/lang/Class;' in 'java/lang/reflect/Method')}
  0x00007ea5e5dfcc40: 488b d348 | b9a0 8b5f | b1a5 7e00 | 008b 5208 | 49ba 0000 | 0000 0800 | 0000 4903 | d248 3b91 
  0x00007ea5e5dfcc60: 4801 0000 | 750d 4883 | 8150 0100 | 0001 e966 | 0000 0048 | 3b91 5801 | 0000 750d | 4883 8160 
  0x00007ea5e5dfcc80: 0100 0001 | e950 0000 | 0048 81b9 | 4801 0000 | 0000 0000 | 7517 4889 | 9148 0100 | 0048 c781 
  0x00007ea5e5dfcca0: 5001 0000 | 0100 0000 | e92c 0000 | 0048 81b9 | 5801 0000 | 0000 0000 | 7517 4889 | 9158 0100 
  0x00007ea5e5dfccc0: 0048 c781 | 6001 0000 | 0100 0000 | e908 0000 | 0048 8381 | 3801 0000 | 0148 8bf3 | 4889 8424 
  0x00007ea5e5dfcce0: a800 0000 | 4889 bc24 | a000 0000 | 9048 b8d0 | 8a05 0008 

  0x00007ea5e5dfccf4: ;   {virtual_call}
  0x00007ea5e5dfccf4: 0000 00e8 

  0x00007ea5e5dfccf8: ; ImmutableOopMap {[128]=Oop [120]=Oop [152]=Oop [144]=Oop [136]=Oop [112]=Oop [168]=Oop [160]=Oop }
                      ;*invokevirtual clone {reexecute=0 rethrow=0 return_oop=0}
                      ; - java.lang.reflect.Method::getExceptionTypes@4 (line 341)
                      ; - jdk.internal.reflect.NativeMethodAccessorImpl::invoke@91 (line 67)
  0x00007ea5e5dfccf8: c415 1b07 | 4883 f800 

  0x00007ea5e5dfcd00: ;   {metadata(method data for {method} {0x00007ea5b0069c70} 'getExceptionTypes' '()[Ljava/lang/Class;' in 'java/lang/reflect/Method')}
  0x00007ea5e5dfcd00: 7517 49b8 | a08b 5fb1 | a57e 0000 | 4180 8869 | 0100 0001 | e9d4 0000 

  0x00007ea5e5dfcd18: ;   {metadata('java/lang/Class'[])}
  0x00007ea5e5dfcd18: 0048 b9d0 | 8a05 0008 | 0000 0044 | 8b40 0849 | ba00 0000 | 0008 0000 | 004d 03c2 | 493b 4840 
  0x00007ea5e5dfcd38: 0f85 9300 

  0x00007ea5e5dfcd3c: ;   {metadata(method data for {method} {0x00007ea5b0069c70} 'getExceptionTypes' '()[Ljava/lang/Class;' in 'java/lang/reflect/Method')}
  0x00007ea5e5dfcd3c: 0000 49b8 | a08b 5fb1 | a57e 0000 | 8b48 0849 | ba00 0000 | 0008 0000 | 0049 03ca | 493b 8880 
  0x00007ea5e5dfcd5c: 0100 0075 | 0d49 8380 | 8801 0000 | 01e9 7f00 | 0000 493b | 8890 0100 | 0075 0d49 | 8380 9801 
  0x00007ea5e5dfcd7c: 0000 01e9 | 6900 0000 | 4981 b880 | 0100 0000 | 0000 0075 | 1749 8988 | 8001 0000 | 49c7 8088 
  0x00007ea5e5dfcd9c: 0100 0001 | 0000 00e9 | 4500 0000 | 4981 b890 | 0100 0000 | 0000 0075 | 1749 8988 | 9001 0000 
  0x00007ea5e5dfcdbc: 49c7 8098 | 0100 0001 | 0000 00e9 | 2100 0000 | e91c 0000 

  0x00007ea5e5dfcdd0: ;   {metadata(method data for {method} {0x00007ea5b0069c70} 'getExceptionTypes' '()[Ljava/lang/Class;' in 'java/lang/reflect/Method')}
  0x00007ea5e5dfcdd0: 0049 b8a0 | 8b5f b1a5 | 7e00 0049 | 83a8 7001 | 0000 01e9 | 8003 0000 | e900 0000 | 0048 8bf8 
  0x00007ea5e5dfcdf0: 488b 7424 | 708b 5614 | 48c1 e203 

  0x00007ea5e5dfcdfc: ; implicit exception: dispatches to 0x00007ea5e5dfd171
  0x00007ea5e5dfcdfc: 483b 0248 

  0x00007ea5e5dfce00: ;   {metadata(method data for {method} {0x00007ea5b0866778} 'invoke' '(Ljava/lang/Object;[Ljava/lang/Object;)Ljava/lang/Object;' in 'jdk/internal/reflect/NativeMethodAccessorImpl')}
  0x00007ea5e5dfce00: 8bca 49b8 | 9886 5fb1 | a57e 0000 | 4983 8098 | 0300 0001 | 8b5a 2048 | 8b84 2488 

  0x00007ea5e5dfce1c: ;   {metadata(method data for {method} {0x00007ea5b0866778} 'invoke' '(Ljava/lang/Object;[Ljava/lang/Object;)Ljava/lang/Object;' in 'jdk/internal/reflect/NativeMethodAccessorImpl')}
  0x00007ea5e5dfce1c: 0000 0048 | ba98 865f | b1a5 7e00 

  0x00007ea5e5dfce28: ;   {metadata('jdk/internal/reflect/MethodAccessorGenerator')}
  0x00007ea5e5dfce28: 0049 ba18 | 3915 0008 | 0000 004c | 8992 e003 | 0000 4883 | 82e8 0300 | 0001 488b | 9424 9000 
  0x00007ea5e5dfce48: 0000 488b | 8c24 9800 | 0000 4c8b | 8424 a000 | 0000 4c8b | 8c24 a800 | 0000 891c | 2448 8bb4 
  0x00007ea5e5dfce68: 2488 0000 

  0x00007ea5e5dfce6c: ;   {optimized virtual_call}
  0x00007ea5e5dfce6c: 0066 90e8 

  0x00007ea5e5dfce70: ; ImmutableOopMap {[128]=Oop [120]=Oop [112]=Oop }
                      ;*invokevirtual generateMethod {reexecute=0 rethrow=0 return_oop=0}
                      ; - jdk.internal.reflect.NativeMethodAccessorImpl::invoke@101 (line 63)
  0x00007ea5e5dfce70: c103 0000 | 4883 f800 

  0x00007ea5e5dfce78: ;   {metadata(method data for {method} {0x00007ea5b0866778} 'invoke' '(Ljava/lang/Object;[Ljava/lang/Object;)Ljava/lang/Object;' in 'jdk/internal/reflect/NativeMethodAccessorImpl')}
  0x00007ea5e5dfce78: 7516 48bf | 9886 5fb1 | a57e 0000 | 808f 0104 | 0000 01e9 | d300 0000 

  0x00007ea5e5dfce90: ;   {metadata('jdk/internal/reflect/MethodAccessorImpl')}
  0x00007ea5e5dfce90: 48b9 98a7 | 0400 0800 | 0000 8b78 | 0849 ba00 | 0000 0008 | 0000 0049 | 03fa 483b | 4f40 0f85 
  0x00007ea5e5dfceb0: 9300 0000 

  0x00007ea5e5dfceb4: ;   {metadata(method data for {method} {0x00007ea5b0866778} 'invoke' '(Ljava/lang/Object;[Ljava/lang/Object;)Ljava/lang/Object;' in 'jdk/internal/reflect/NativeMethodAccessorImpl')}
  0x00007ea5e5dfceb4: 48bf 9886 | 5fb1 a57e | 0000 8b48 | 0849 ba00 | 0000 0008 | 0000 0049 | 03ca 483b | 8f18 0400 
  0x00007ea5e5dfced4: 0075 0d48 | 8387 2004 | 0000 01e9 | 7f00 0000 | 483b 8f28 | 0400 0075 | 0d48 8387 | 3004 0000 
  0x00007ea5e5dfcef4: 01e9 6900 | 0000 4881 | bf18 0400 | 0000 0000 | 0075 1748 | 898f 1804 | 0000 48c7 | 8720 0400 
  0x00007ea5e5dfcf14: 0001 0000 | 00e9 4500 | 0000 4881 | bf28 0400 | 0000 0000 | 0075 1748 | 898f 2804 | 0000 48c7 
  0x00007ea5e5dfcf34: 8730 0400 | 0001 0000 | 00e9 2100 | 0000 e91c 

  0x00007ea5e5dfcf44: ;   {metadata(method data for {method} {0x00007ea5b0866778} 'invoke' '(Ljava/lang/Object;[Ljava/lang/Object;)Ljava/lang/Object;' in 'jdk/internal/reflect/NativeMethodAccessorImpl')}
  0x00007ea5e5dfcf44: 0000 0048 | bf98 865f | b1a5 7e00 | 0048 83af | 0804 0000 | 01e9 1802 | 0000 e900 | 0000 0048 
  0x00007ea5e5dfcf64: 8bf0 488b | 7c24 708b | 5718 48c1 | e203 483b | 0248 8bca 

  0x00007ea5e5dfcf78: ;   {metadata(method data for {method} {0x00007ea5b0866778} 'invoke' '(Ljava/lang/Object;[Ljava/lang/Object;)Ljava/lang/Object;' in 'jdk/internal/reflect/NativeMethodAccessorImpl')}
  0x00007ea5e5dfcf78: 48bb 9886 | 5fb1 a57e 

  0x00007ea5e5dfcf80: ;   {metadata('jdk/internal/reflect/DelegatingMethodAccessorImpl')}
  0x00007ea5e5dfcf80: 0000 49ba | 38dc 0c00 | 0800 0000 | 4c89 9350 | 0400 0048 | 8383 5804 | 0000 0141 | 0fbe 4f38 
  0x00007ea5e5dfcfa0: 83f9 000f | 85db 0100 | 004c 8bd6 | 49c1 ea03 | 4489 520c | 488b ca48 | 33ce 48c1 | e916 4883 
  0x00007ea5e5dfcfc0: f900 0f85 | db01 0000 

  0x00007ea5e5dfcfc8: ;   {metadata(method data for {method} {0x00007ea5b0866778} 'invoke' '(Ljava/lang/Object;[Ljava/lang/Object;)Ljava/lang/Object;' in 'jdk/internal/reflect/NativeMethodAccessorImpl')}
  0x00007ea5e5dfcfc8: 48be 9886 | 5fb1 a57e | 0000 ff86 | 7804 0000 | 488b 8c24 | 8000 0000 | 488b 5424 | 788b 7714 
  0x00007ea5e5dfcfe8: 48c1 e603 

  0x00007ea5e5dfcfec: ;   {metadata(method data for {method} {0x00007ea5b0866778} 'invoke' '(Ljava/lang/Object;[Ljava/lang/Object;)Ljava/lang/Object;' in 'jdk/internal/reflect/NativeMethodAccessorImpl')}
  0x00007ea5e5dfcfec: 48bf 9886 | 5fb1 a57e | 0000 4883 | 8790 0400 

  0x00007ea5e5dfcffc: ;   {static_call}
  0x00007ea5e5dfcffc: 0001 90e8 

  0x00007ea5e5dfd000: ; ImmutableOopMap {}
                      ;*invokestatic invoke0 {reexecute=0 rethrow=0 return_oop=0}
                      ; - jdk.internal.reflect.NativeMethodAccessorImpl::invoke@133 (line 77)
  0x00007ea5e5dfd000: dc96 4a07 | 4881 c4c0 | 0000 005d 

  0x00007ea5e5dfd00c: ;   {poll_return}
  0x00007ea5e5dfd00c: 493b a748 | 0300 000f | 87a2 0100 | 00c3 488b | 7c24 7049 | 8b87 d803 | 0000 4d33 | d24d 8997 
  0x00007ea5e5dfd02c: d803 0000 | 4d33 d24d | 8997 e003 | 0000 be00 | 0000 0089 | 7710 f083 | 4424 c000 | e9a3 0100 
  0x00007ea5e5dfd04c: ;   {metadata({method} {0x00007ea5b0866778} 'invoke' '(Ljava/lang/Object;[Ljava/lang/Object;)Ljava/lang/Object;' in 'jdk/internal/reflect/NativeMethodAccessorImpl')}
  0x00007ea5e5dfd04c: 0049 ba78 | 6786 b0a5 | 7e00 004c | 8954 2408 | 48c7 0424 | ffff ffff 

  0x00007ea5e5dfd064: ;   {runtime_call counter_overflow Runtime1 stub}
  0x00007ea5e5dfd064: e817 96b5 

  0x00007ea5e5dfd068: ; ImmutableOopMap {rsi=Oop [112]=Oop rdx=Oop rcx=Oop }
                      ;*synchronization entry
                      ; - jdk.internal.reflect.NativeMethodAccessorImpl::invoke@-1 (line 56)
  0x00007ea5e5dfd068: 06e9 eef5 

  0x00007ea5e5dfd06c: ;   {metadata({method} {0x00007ea5b01a8438} 'inflationThreshold' '()I' in 'jdk/internal/reflect/ReflectionFactory')}
  0x00007ea5e5dfd06c: ffff 49ba | 3884 1ab0 | a57e 0000 | 4c89 5424 | 0848 c704 | 24ff ffff 

  0x00007ea5e5dfd084: ;   {runtime_call counter_overflow Runtime1 stub}
  0x00007ea5e5dfd084: ffe8 f695 

  0x00007ea5e5dfd088: ; ImmutableOopMap {rsi=Oop [112]=Oop rdx=Oop rcx=Oop }
                      ;*synchronization entry
                      ; - jdk.internal.reflect.ReflectionFactory::inflationThreshold@-1 (line 632)
                      ; - jdk.internal.reflect.NativeMethodAccessorImpl::invoke@11 (line 56)
  0x00007ea5e5dfd088: b506 e90f 

  0x00007ea5e5dfd08c: ;   {runtime_call throw_null_pointer_exception Runtime1 stub}
  0x00007ea5e5dfd08c: f6ff ffe8 

  0x00007ea5e5dfd090: ; ImmutableOopMap {rsi=Oop [112]=Oop [128]=Oop [120]=Oop rdi=Oop }
                      ;*invokevirtual getDeclaringClass {reexecute=0 rethrow=0 return_oop=0}
                      ; - jdk.internal.reflect.NativeMethodAccessorImpl::invoke@21 (line 57)
  0x00007ea5e5dfd090: 0c45 b506 

  0x00007ea5e5dfd094: ;   {runtime_call throw_null_pointer_exception Runtime1 stub}
  0x00007ea5e5dfd094: e807 45b5 

  0x00007ea5e5dfd098: ; ImmutableOopMap {rsi=Oop [112]=Oop [128]=Oop [120]=Oop rdi=Oop }
                      ;*invokevirtual isHidden {reexecute=0 rethrow=0 return_oop=0}
                      ; - jdk.internal.reflect.NativeMethodAccessorImpl::invoke@24 (line 57)
  0x00007ea5e5dfd098: 0648 8bd2 

  0x00007ea5e5dfd09c: ;   {runtime_call fast_new_instance Runtime1 stub}
  0x00007ea5e5dfd09c: e8df 4db5 

  0x00007ea5e5dfd0a0: ; ImmutableOopMap {[128]=Oop [120]=Oop rbx=Oop [112]=Oop }
                      ;*new {reexecute=0 rethrow=0 return_oop=0}
                      ; - jdk.internal.reflect.NativeMethodAccessorImpl::invoke@52 (line 61)
  0x00007ea5e5dfd0a0: 06e9 1af8 

  0x00007ea5e5dfd0a4: ;   {metadata({method} {0x00007ea5b0bd7de0} '<init>' '()V' in 'jdk/internal/reflect/MethodAccessorGenerator')}
  0x00007ea5e5dfd0a4: ffff 49ba | e07d bdb0 | a57e 0000 | 4c89 5424 | 0848 c704 | 24ff ffff 

  0x00007ea5e5dfd0bc: ;   {runtime_call counter_overflow Runtime1 stub}
  0x00007ea5e5dfd0bc: ffe8 be95 

  0x00007ea5e5dfd0c0: ; ImmutableOopMap {[128]=Oop [120]=Oop rbx=Oop [112]=Oop rax=Oop }
                      ;*synchronization entry
                      ; - jdk.internal.reflect.MethodAccessorGenerator::<init>@-1 (line 64)
                      ; - jdk.internal.reflect.NativeMethodAccessorImpl::invoke@56 (line 61)
  0x00007ea5e5dfd0c0: b506 e936 

  0x00007ea5e5dfd0c4: ;   {metadata({method} {0x00007ea5b0bdb248} '<init>' '()V' in 'jdk/internal/reflect/AccessorGenerator')}
  0x00007ea5e5dfd0c4: f8ff ff49 | ba48 b2bd | b0a5 7e00 | 004c 8954 | 2408 48c7 | 0424 ffff 

  0x00007ea5e5dfd0dc: ;   {runtime_call counter_overflow Runtime1 stub}
  0x00007ea5e5dfd0dc: ffff e89d 

  0x00007ea5e5dfd0e0: ; ImmutableOopMap {[128]=Oop [120]=Oop rbx=Oop [112]=Oop rax=Oop }
                      ;*synchronization entry
                      ; - jdk.internal.reflect.AccessorGenerator::<init>@-1 (line 33)
                      ; - jdk.internal.reflect.MethodAccessorGenerator::<init>@1 (line 64)
                      ; - jdk.internal.reflect.NativeMethodAccessorImpl::invoke@56 (line 61)
  0x00007ea5e5dfd0e0: 95b5 06e9 | 52f8 ffff 

  0x00007ea5e5dfd0e8: ;   {metadata({method} {0x00007ea5b0000510} '<init>' '()V' in 'java/lang/Object')}
  0x00007ea5e5dfd0e8: 49ba 1005 | 00b0 a57e | 0000 4c89 | 5424 0848 | c704 24ff 

  0x00007ea5e5dfd0fc: ;   {runtime_call counter_overflow Runtime1 stub}
  0x00007ea5e5dfd0fc: ffff ffe8 

  0x00007ea5e5dfd100: ; ImmutableOopMap {[128]=Oop [120]=Oop rbx=Oop [112]=Oop rax=Oop }
                      ;*synchronization entry
                      ; - java.lang.Object::<init>@-1 (line 44)
                      ; - jdk.internal.reflect.AccessorGenerator::<init>@1 (line 33)
                      ; - jdk.internal.reflect.MethodAccessorGenerator::<init>@1 (line 64)
                      ; - jdk.internal.reflect.NativeMethodAccessorImpl::invoke@56 (line 61)
  0x00007ea5e5dfd100: 7c95 b506 | e96e f8ff 

  0x00007ea5e5dfd108: ;   {runtime_call throw_null_pointer_exception Runtime1 stub}
  0x00007ea5e5dfd108: ffe8 9244 

  0x00007ea5e5dfd10c: ; ImmutableOopMap {[128]=Oop [120]=Oop rbx=Oop [112]=Oop rax=Oop rsi=Oop }
                      ;*invokevirtual getDeclaringClass {reexecute=0 rethrow=0 return_oop=0}
                      ; - jdk.internal.reflect.NativeMethodAccessorImpl::invoke@63 (line 63)
                      ;   {metadata({method} {0x00007ea5b0069a80} 'getParameterTypes' '()[Ljava/lang/Class;' in 'java/lang/reflect/Method')}
  0x00007ea5e5dfd10c: b506 49ba | 809a 06b0 | a57e 0000 | 4c89 5424 | 0848 c704 | 24ff ffff 

  0x00007ea5e5dfd124: ;   {runtime_call counter_overflow Runtime1 stub}
  0x00007ea5e5dfd124: ffe8 5695 

  0x00007ea5e5dfd128: ; ImmutableOopMap {[128]=Oop [120]=Oop rbx=Oop [112]=Oop rax=Oop rsi=Oop rdi=Oop rdx=Oop }
                      ;*synchronization entry
                      ; - java.lang.reflect.Method::getParameterTypes@-1 (line 314)
                      ; - jdk.internal.reflect.NativeMethodAccessorImpl::invoke@77 (line 65)
  0x00007ea5e5dfd128: b506 e9de 

  0x00007ea5e5dfd12c: ;   {runtime_call throw_null_pointer_exception Runtime1 stub}
  0x00007ea5e5dfd12c: f8ff ffe8 

  0x00007ea5e5dfd130: ; ImmutableOopMap {[128]=Oop [120]=Oop rbx=Oop [112]=Oop rax=Oop rdi=Oop rdx=Oop rsi=Oop }
                      ;*invokevirtual clone {reexecute=0 rethrow=0 return_oop=0}
                      ; - java.lang.reflect.Method::getParameterTypes@4 (line 314)
                      ; - jdk.internal.reflect.NativeMethodAccessorImpl::invoke@77 (line 65)
  0x00007ea5e5dfd130: 6c44 b506 | 4889 0424 

  0x00007ea5e5dfd138: ;   {runtime_call throw_class_cast_exception Runtime1 stub}
  0x00007ea5e5dfd138: e863 68b5 

  0x00007ea5e5dfd13c: ; ImmutableOopMap {[128]=Oop [120]=Oop [152]=Oop [144]=Oop [136]=Oop [112]=Oop }
                      ;*checkcast {reexecute=0 rethrow=0 return_oop=0}
                      ; - java.lang.reflect.Method::getParameterTypes@7 (line 314)
                      ; - jdk.internal.reflect.NativeMethodAccessorImpl::invoke@77 (line 65)
                      ;   {runtime_call throw_null_pointer_exception Runtime1 stub}
  0x00007ea5e5dfd13c: 06e8 5e44 

  0x00007ea5e5dfd140: ; ImmutableOopMap {[128]=Oop [120]=Oop [152]=Oop [144]=Oop [136]=Oop rdi=Oop rsi=Oop [112]=Oop rbx=Oop }
                      ;*invokevirtual getReturnType {reexecute=0 rethrow=0 return_oop=0}
                      ; - jdk.internal.reflect.NativeMethodAccessorImpl::invoke@84 (line 66)
                      ;   {metadata({method} {0x00007ea5b0069c70} 'getExceptionTypes' '()[Ljava/lang/Class;' in 'java/lang/reflect/Method')}
  0x00007ea5e5dfd140: b506 49ba | 709c 06b0 | a57e 0000 | 4c89 5424 | 0848 c704 | 24ff ffff 

  0x00007ea5e5dfd158: ;   {runtime_call counter_overflow Runtime1 stub}
  0x00007ea5e5dfd158: ffe8 2295 

  0x00007ea5e5dfd15c: ; ImmutableOopMap {[128]=Oop [120]=Oop [152]=Oop [144]=Oop [136]=Oop rdi=Oop rsi=Oop [112]=Oop rbx=Oop rax=Oop }
                      ;*synchronization entry
                      ; - java.lang.reflect.Method::getExceptionTypes@-1 (line 341)
                      ; - jdk.internal.reflect.NativeMethodAccessorImpl::invoke@91 (line 67)
  0x00007ea5e5dfd15c: b506 e9d3 

  0x00007ea5e5dfd160: ;   {runtime_call throw_null_pointer_exception Runtime1 stub}
  0x00007ea5e5dfd160: faff ffe8 

  0x00007ea5e5dfd164: ; ImmutableOopMap {[128]=Oop [120]=Oop [152]=Oop [144]=Oop [136]=Oop rdi=Oop rsi=Oop [112]=Oop rax=Oop rbx=Oop }
                      ;*invokevirtual clone {reexecute=0 rethrow=0 return_oop=0}
                      ; - java.lang.reflect.Method::getExceptionTypes@4 (line 341)
                      ; - jdk.internal.reflect.NativeMethodAccessorImpl::invoke@91 (line 67)
  0x00007ea5e5dfd164: 3844 b506 | 4889 0424 

  0x00007ea5e5dfd16c: ;   {runtime_call throw_class_cast_exception Runtime1 stub}
  0x00007ea5e5dfd16c: e82f 68b5 

  0x00007ea5e5dfd170: ; ImmutableOopMap {[128]=Oop [120]=Oop [152]=Oop [144]=Oop [136]=Oop [112]=Oop [168]=Oop [160]=Oop }
                      ;*checkcast {reexecute=0 rethrow=0 return_oop=0}
                      ; - java.lang.reflect.Method::getExceptionTypes@7 (line 341)
                      ; - jdk.internal.reflect.NativeMethodAccessorImpl::invoke@91 (line 67)
                      ;   {runtime_call throw_null_pointer_exception Runtime1 stub}
  0x00007ea5e5dfd170: 06e8 2a44 

  0x00007ea5e5dfd174: ; ImmutableOopMap {[128]=Oop [120]=Oop [152]=Oop [144]=Oop [136]=Oop [168]=Oop [160]=Oop rdi=Oop rsi=Oop [112]=Oop rdx=Oop }
                      ;*invokevirtual getModifiers {reexecute=0 rethrow=0 return_oop=0}
                      ; - jdk.internal.reflect.NativeMethodAccessorImpl::invoke@98 (line 68)
  0x00007ea5e5dfd174: b506 4889 

  0x00007ea5e5dfd178: ;   {runtime_call throw_class_cast_exception Runtime1 stub}
  0x00007ea5e5dfd178: 0424 e821 

  0x00007ea5e5dfd17c: ; ImmutableOopMap {[128]=Oop [120]=Oop [112]=Oop }
                      ;*checkcast {reexecute=0 rethrow=0 return_oop=0}
                      ; - jdk.internal.reflect.NativeMethodAccessorImpl::invoke@104 (line 63)
                      ;   {runtime_call throw_null_pointer_exception Runtime1 stub}
  0x00007ea5e5dfd17c: 68b5 06e8 

  0x00007ea5e5dfd180: ; ImmutableOopMap {[128]=Oop [120]=Oop rsi=Oop rdi=Oop [112]=Oop rdx=Oop }
                      ;*invokevirtual setDelegate {reexecute=0 rethrow=0 return_oop=0}
                      ; - jdk.internal.reflect.NativeMethodAccessorImpl::invoke@113 (line 69)
  0x00007ea5e5dfd180: 1c44 b506 | 8b4a 0c48 | c1e1 0348 | 83f9 000f | 8414 feff | ff48 890c 

  0x00007ea5e5dfd198: ;   {runtime_call g1_pre_barrier_slow}
  0x00007ea5e5dfd198: 24e8 e29a | b506 e906 | feff ff48 | 83fe 000f | 841b feff | ff48 8914 

  0x00007ea5e5dfd1b0: ;   {runtime_call g1_post_barrier_slow}
  0x00007ea5e5dfd1b0: 24e8 ca9d | b506 e90d 

  0x00007ea5e5dfd1b8: ;   {internal_word}
  0x00007ea5e5dfd1b8: feff ff49 | ba0c d0df | e5a5 7e00 | 004d 8997 | 6003 0000 

  0x00007ea5e5dfd1cc: ;   {runtime_call SafepointBlob}
  0x00007ea5e5dfd1cc: e92f 95ab | 0690 9049 | 8b87 d803 | 0000 49c7 | 87d8 0300 | 0000 0000 | 0049 c787 | e003 0000 
  0x00007ea5e5dfd1ec: 0000 0000 | 4881 c4c0 | 0000 005d 

  0x00007ea5e5dfd1f8: ;   {runtime_call unwind_exception Runtime1 stub}
  0x00007ea5e5dfd1f8: e903 64ac | 06f4 f4f4 
[Stub Code]
  0x00007ea5e5dfd200: ;   {no_reloc}
  0x00007ea5e5dfd200: 0f1f 4400 

  0x00007ea5e5dfd204: ;   {static_stub}
  0x00007ea5e5dfd204: 0048 bb00 | 0000 0000 

  0x00007ea5e5dfd20c: ;   {runtime_call}
  0x00007ea5e5dfd20c: 0000 00e9 | fbff ffff 

  0x00007ea5e5dfd214: ;   {static_stub}
  0x00007ea5e5dfd214: 9048 bb00 | 0000 0000 

  0x00007ea5e5dfd21c: ;   {runtime_call}
  0x00007ea5e5dfd21c: 0000 00e9 | fbff ffff 

  0x00007ea5e5dfd224: ;   {static_stub}
  0x00007ea5e5dfd224: 9048 bb00 | 0000 0000 

  0x00007ea5e5dfd22c: ;   {runtime_call}
  0x00007ea5e5dfd22c: 0000 00e9 | fbff ffff 

  0x00007ea5e5dfd234: ;   {static_stub}
  0x00007ea5e5dfd234: 9048 bbd8 | 7ebd b0a5 

  0x00007ea5e5dfd23c: ;   {runtime_call I2C/C2I adapters}
  0x00007ea5e5dfd23c: 7e00 00e9 | b684 c806 

  0x00007ea5e5dfd244: ;   {static_stub}
  0x00007ea5e5dfd244: 9048 bb00 | 0000 0000 

  0x00007ea5e5dfd24c: ;   {runtime_call}
  0x00007ea5e5dfd24c: 0000 00e9 | fbff ffff 
[Exception Handler]
  0x00007ea5e5dfd254: ;   {runtime_call handle_exception_from_callee Runtime1 stub}
  0x00007ea5e5dfd254: e827 61b5 

  0x00007ea5e5dfd258: ;   {external_word}
  0x00007ea5e5dfd258: 0648 bffd | 05ff 01a6 | 7e00 0048 

  0x00007ea5e5dfd264: ;   {runtime_call}
  0x00007ea5e5dfd264: 83e4 f0e8 | 847b b71b 

  0x00007ea5e5dfd26c: ;   {section_word}
  0x00007ea5e5dfd26c: f449 ba6d | d2df e5a5 | 7e00 0041 

  0x00007ea5e5dfd278: ;   {runtime_call DeoptimizationBlob}
  0x00007ea5e5dfd278: 52e9 2287 | ab06 f4f4 
[/MachCode]


---------------  P R O C E S S  ---------------

Threads class SMR info:
_java_thread_list=0x00007ea5804546d0, length=51, elements={
0x00007ea5fc014690, 0x00007ea5fc1ba4c0, 0x00007ea5fc1bbae0, 0x00007ea5fc1e8ec0,
0x00007ea5fc1ea280, 0x00007ea5fc1eb6a0, 0x00007ea5fc1ed090, 0x00007ea5fc1ee5d0,
0x00007ea5fc1efa70, 0x00007ea58006ca90, 0x00007ea58006dc30, 0x00007ea5fc269870,
0x00007ea5fc272b60, 0x00007ea56c0bf8b0, 0x00007ea5fc85cfb0, 0x00007ea518001850,
0x00007ea5fc85ece0, 0x00007ea5fc85fe60, 0x00007ea5fc860e50, 0x00007ea5fc862060,
0x00007ea5fc633980, 0x00007ea5fc793c60, 0x00007ea5fc795fc0, 0x00007ea5fc79eaa0,
0x00007ea4a8003510, 0x00007ea4a0000fe0, 0x00007ea4a80048f0, 0x00007ea4a8005970,
0x00007ea4a80069d0, 0x00007ea4a8007a10, 0x00007ea4a8008b60, 0x00007ea4a8009cb0,
0x00007ea4a800ae10, 0x00007ea4a800bf70, 0x00007ea5fcb19500, 0x00007ea4a8014480,
0x00007ea4a8026e20, 0x00007ea4a8027ca0, 0x00007ea458000fe0, 0x00007ea4ac033180,
0x00007ea4ac108290, 0x00007ea5fc998c20, 0x00007ea4b405f190, 0x00007ea5fc8e7180,
0x00007ea5fcc53210, 0x00007ea3c40010c0, 0x00007ea3d0002a00, 0x00007ea5fd9be260,
0x00007ea5841c9020, 0x00007ea580452900, 0x00007ea580453ca0
}

Java Threads: ( => current thread )
=>0x00007ea5fc014690 JavaThread "main" [_thread_in_native, id=785733, stack(0x00007ea600d00000,0x00007ea600e00000)]
  0x00007ea5fc1ba4c0 JavaThread "Reference Handler" daemon [_thread_blocked, id=785740, stack(0x00007ea5d0deb000,0x00007ea5d0eeb000)]
  0x00007ea5fc1bbae0 JavaThread "Finalizer" daemon [_thread_blocked, id=785741, stack(0x00007ea5d0ceb000,0x00007ea5d0deb000)]
  0x00007ea5fc1e8ec0 JavaThread "Signal Dispatcher" daemon [_thread_blocked, id=785742, stack(0x00007ea5d0beb000,0x00007ea5d0ceb000)]
  0x00007ea5fc1ea280 JavaThread "Service Thread" daemon [_thread_blocked, id=785743, stack(0x00007ea5d0700000,0x00007ea5d0800000)]
  0x00007ea5fc1eb6a0 JavaThread "Monitor Deflation Thread" daemon [_thread_blocked, id=785744, stack(0x00007ea5d0600000,0x00007ea5d0700000)]
  0x00007ea5fc1ed090 JavaThread "C2 CompilerThread0" daemon [_thread_blocked, id=785745, stack(0x00007ea5d0500000,0x00007ea5d0600000)]
  0x00007ea5fc1ee5d0 JavaThread "C1 CompilerThread0" daemon [_thread_blocked, id=785746, stack(0x00007ea5d0400000,0x00007ea5d0500000)]
  0x00007ea5fc1efa70 JavaThread "Sweeper thread" daemon [_thread_blocked, id=785747, stack(0x00007ea5d0300000,0x00007ea5d0400000)]
  0x00007ea58006ca90 JavaThread "C1 CompilerThread1" daemon [_thread_blocked, id=785748, stack(0x00007ea5d0200000,0x00007ea5d0300000)]
  0x00007ea58006dc30 JavaThread "C1 CompilerThread2" daemon [_thread_blocked, id=785749, stack(0x00007ea5d0100000,0x00007ea5d0200000)]
  0x00007ea5fc269870 JavaThread "Notification Thread" daemon [_thread_blocked, id=785750, stack(0x00007ea5d0000000,0x00007ea5d0100000)]
  0x00007ea5fc272b60 JavaThread "Common-Cleaner" daemon [_thread_blocked, id=785752, stack(0x00007ea5c9dff000,0x00007ea5c9eff000)]
  0x00007ea56c0bf8b0 JavaThread "C1 CompilerThread3" daemon [_thread_blocked, id=785754, stack(0x00007ea5c9bff000,0x00007ea5c9cff000)]
  0x00007ea5fc85cfb0 JavaThread "Equinox resolver thread - Equinox Container: d6ce5e93-b6e4-475f-8231-066a75d249b2" daemon [_thread_blocked, id=785763, stack(0x00007ea5bc4b7000,0x00007ea5bc5b7000)]
  0x00007ea518001850 JavaThread "Equinox resolver thread - Equinox Container: d6ce5e93-b6e4-475f-8231-066a75d249b2" daemon [_thread_blocked, id=785764, stack(0x00007ea5bc3b7000,0x00007ea5bc4b7000)]
  0x00007ea5fc85ece0 JavaThread "Equinox resolver thread - Equinox Container: d6ce5e93-b6e4-475f-8231-066a75d249b2" daemon [_thread_blocked, id=785765, stack(0x00007ea5bc2b7000,0x00007ea5bc3b7000)]
  0x00007ea5fc85fe60 JavaThread "Equinox resolver thread - Equinox Container: d6ce5e93-b6e4-475f-8231-066a75d249b2" daemon [_thread_blocked, id=785766, stack(0x00007ea5bc1b7000,0x00007ea5bc2b7000)]
  0x00007ea5fc860e50 JavaThread "Equinox resolver thread - Equinox Container: d6ce5e93-b6e4-475f-8231-066a75d249b2" daemon [_thread_blocked, id=785767, stack(0x00007ea5bc0b7000,0x00007ea5bc1b7000)]
  0x00007ea5fc862060 JavaThread "Equinox resolver thread - Equinox Container: d6ce5e93-b6e4-475f-8231-066a75d249b2" daemon [_thread_blocked, id=785768, stack(0x00007ea5aff00000,0x00007ea5b0000000)]
  0x00007ea5fc633980 JavaThread "Active Thread: Equinox Container: d6ce5e93-b6e4-475f-8231-066a75d249b2" [_thread_blocked, id=785779, stack(0x00007ea5ac6fa000,0x00007ea5ac7fa000)]
  0x00007ea5fc793c60 JavaThread "Framework Event Dispatcher: Equinox Container: d6ce5e93-b6e4-475f-8231-066a75d249b2" daemon [_thread_blocked, id=785780, stack(0x00007ea5ac5fa000,0x00007ea5ac6fa000)]
  0x00007ea5fc795fc0 JavaThread "Start Level: Equinox Container: d6ce5e93-b6e4-475f-8231-066a75d249b2" daemon [_thread_blocked, id=785781, stack(0x00007ea5ac4fa000,0x00007ea5ac5fa000)]
  0x00007ea5fc79eaa0 JavaThread "Refresh Thread: Equinox Container: d6ce5e93-b6e4-475f-8231-066a75d249b2" daemon [_thread_blocked, id=785782, stack(0x00007ea5ac3fa000,0x00007ea5ac4fa000)]
  0x00007ea4a8003510 JavaThread "Equinox resolver thread - Equinox Container: d6ce5e93-b6e4-475f-8231-066a75d249b2" daemon [_thread_blocked, id=785783, stack(0x00007ea5ac2fa000,0x00007ea5ac3fa000)]
  0x00007ea4a0000fe0 JavaThread "Equinox resolver thread - Equinox Container: d6ce5e93-b6e4-475f-8231-066a75d249b2" daemon [_thread_blocked, id=785784, stack(0x00007ea5ac1fa000,0x00007ea5ac2fa000)]
  0x00007ea4a80048f0 JavaThread "Equinox resolver thread - Equinox Container: d6ce5e93-b6e4-475f-8231-066a75d249b2" daemon [_thread_blocked, id=785785, stack(0x00007ea5ac0fa000,0x00007ea5ac1fa000)]
  0x00007ea4a8005970 JavaThread "Equinox resolver thread - Equinox Container: d6ce5e93-b6e4-475f-8231-066a75d249b2" daemon [_thread_blocked, id=785786, stack(0x00007ea5a3700000,0x00007ea5a3800000)]
  0x00007ea4a80069d0 JavaThread "Equinox resolver thread - Equinox Container: d6ce5e93-b6e4-475f-8231-066a75d249b2" daemon [_thread_blocked, id=785787, stack(0x00007ea5a3600000,0x00007ea5a3700000)]
  0x00007ea4a8007a10 JavaThread "Equinox resolver thread - Equinox Container: d6ce5e93-b6e4-475f-8231-066a75d249b2" daemon [_thread_blocked, id=785788, stack(0x00007ea5a3500000,0x00007ea5a3600000)]
  0x00007ea4a8008b60 JavaThread "Equinox resolver thread - Equinox Container: d6ce5e93-b6e4-475f-8231-066a75d249b2" daemon [_thread_blocked, id=785789, stack(0x00007ea5a3400000,0x00007ea5a3500000)]
  0x00007ea4a8009cb0 JavaThread "Equinox resolver thread - Equinox Container: d6ce5e93-b6e4-475f-8231-066a75d249b2" daemon [_thread_blocked, id=785790, stack(0x00007ea5a3300000,0x00007ea5a3400000)]
  0x00007ea4a800ae10 JavaThread "Equinox resolver thread - Equinox Container: d6ce5e93-b6e4-475f-8231-066a75d249b2" daemon [_thread_blocked, id=785791, stack(0x00007ea5a3200000,0x00007ea5a3300000)]
  0x00007ea4a800bf70 JavaThread "Equinox resolver thread - Equinox Container: d6ce5e93-b6e4-475f-8231-066a75d249b2" daemon [_thread_blocked, id=785792, stack(0x00007ea5a3100000,0x00007ea5a3200000)]
  0x00007ea5fcb19500 JavaThread "Bundle File Closer" daemon [_thread_blocked, id=785793, stack(0x00007ea5a3000000,0x00007ea5a3100000)]
  0x00007ea4a8014480 JavaThread "Equinox resolver thread - Equinox Container: d6ce5e93-b6e4-475f-8231-066a75d249b2" daemon [_thread_blocked, id=785795, stack(0x00007ea5a2e00000,0x00007ea5a2f00000)]
  0x00007ea4a8026e20 JavaThread "Equinox resolver thread - Equinox Container: d6ce5e93-b6e4-475f-8231-066a75d249b2" daemon [_thread_blocked, id=785796, stack(0x00007ea5a2d00000,0x00007ea5a2e00000)]
  0x00007ea4a8027ca0 JavaThread "Equinox resolver thread - Equinox Container: d6ce5e93-b6e4-475f-8231-066a75d249b2" daemon [_thread_blocked, id=785797, stack(0x00007ea5a2c00000,0x00007ea5a2d00000)]
  0x00007ea458000fe0 JavaThread "Equinox resolver thread - Equinox Container: d6ce5e93-b6e4-475f-8231-066a75d249b2" daemon [_thread_blocked, id=785798, stack(0x00007ea5a2b00000,0x00007ea5a2c00000)]
  0x00007ea4ac033180 JavaThread "SCR Component Actor" daemon [_thread_blocked, id=785817, stack(0x00007ea5a20fa000,0x00007ea5a21fa000)]
  0x00007ea4ac108290 JavaThread "Timer-0" [_thread_blocked, id=785828, stack(0x00007ea5a1ffa000,0x00007ea5a20fa000)]
  0x00007ea5fc998c20 JavaThread "Gogo shell" [_thread_blocked, id=785844, stack(0x00007ea5a19f5000,0x00007ea5a1af5000)]
  0x00007ea4b405f190 JavaThread "Worker-JM" [_thread_blocked, id=785847, stack(0x00007ea5a18f5000,0x00007ea5a19f5000)]
  0x00007ea5fc8e7180 JavaThread "EMF Reference Cleaner" daemon [_thread_blocked, id=785852, stack(0x00007ea5a17f5000,0x00007ea5a18f5000)]
  0x00007ea5fcc53210 JavaThread "Worker-0: Check Cancellation" [_thread_blocked, id=785862, stack(0x00007ea5a16f5000,0x00007ea5a17f5000)]
  0x00007ea3c40010c0 JavaThread "Worker-1" [_thread_blocked, id=785881, stack(0x00007ea5a2900000,0x00007ea5a2a00000)]
  0x00007ea3d0002a00 JavaThread "Worker-2" [_thread_blocked, id=785882, stack(0x00007ea5a2800000,0x00007ea5a2900000)]
  0x00007ea5fd9be260 JavaThread "org.eclipse.jface.text.reconciler.MonoReconciler" daemon [_thread_blocked, id=785883, stack(0x00007ea5a386a000,0x00007ea5a396a000)]
  0x00007ea5841c9020 JavaThread "C2 CompilerThread1" daemon [_thread_in_native, id=785906, stack(0x00007ea5bc6b7000,0x00007ea5bc7b7000)]
  0x00007ea580452900 JavaThread "C2 CompilerThread2" daemon [_thread_blocked, id=785912, stack(0x00007ea5c9cff000,0x00007ea5c9dff000)]
  0x00007ea580453ca0 JavaThread "C2 CompilerThread3" daemon [_thread_in_native, id=785914, stack(0x00007ea5bc5b7000,0x00007ea5bc6b7000)]

Other Threads:
  0x00007ea5fc1ab0a0 VMThread "VM Thread" [stack: 0x00007ea5d0eec000,0x00007ea5d0fec000] [id=785739]
  0x00007ea5fc26b270 WatcherThread [stack: 0x00007ea5c9f00000,0x00007ea5ca000000] [id=785751]
  0x00007ea5fc043e90 GCTaskThread "GC Thread#0" [stack: 0x00007ea5d2300000,0x00007ea5d2400000] [id=785734]
  0x00007ea5a8007330 GCTaskThread "GC Thread#1" [stack: 0x00007ea5af500000,0x00007ea5af600000] [id=785769]
  0x00007ea5a8007d70 GCTaskThread "GC Thread#2" [stack: 0x00007ea5aeb00000,0x00007ea5aec00000] [id=785770]
  0x00007ea5a80087b0 GCTaskThread "GC Thread#3" [stack: 0x00007ea5ae100000,0x00007ea5ae200000] [id=785771]
  0x00007ea5a80091f0 GCTaskThread "GC Thread#4" [stack: 0x00007ea5ad700000,0x00007ea5ad800000] [id=785772]
  0x00007ea5a8009c30 GCTaskThread "GC Thread#5" [stack: 0x00007ea5acd00000,0x00007ea5ace00000] [id=785773]
  0x00007ea5a800a6a0 GCTaskThread "GC Thread#6" [stack: 0x00007ea5acbff000,0x00007ea5accff000] [id=785774]
  0x00007ea5a800b110 GCTaskThread "GC Thread#7" [stack: 0x00007ea5acafe000,0x00007ea5acbfe000] [id=785775]
  0x00007ea5a800bb80 GCTaskThread "GC Thread#8" [stack: 0x00007ea5ac9fd000,0x00007ea5acafd000] [id=785776]
  0x00007ea5a800c610 GCTaskThread "GC Thread#9" [stack: 0x00007ea5ac8fc000,0x00007ea5ac9fc000] [id=785777]
  0x00007ea5a800d0c0 GCTaskThread "GC Thread#10" [stack: 0x00007ea5ac7fb000,0x00007ea5ac8fb000] [id=785778]
  0x00007ea5a800fe60 GCTaskThread "GC Thread#11" [stack: 0x00007ea5a1bf7000,0x00007ea5a1cf7000] [id=785842]
  0x00007ea5a8013040 GCTaskThread "GC Thread#12" [stack: 0x00007ea5a1af6000,0x00007ea5a1bf6000] [id=785843]
  0x00007ea5a8018310 GCTaskThread "GC Thread#13" [stack: 0x00007ea5a3f00000,0x00007ea5a4000000] [id=785863]
  0x00007ea5a80189f0 GCTaskThread "GC Thread#14" [stack: 0x00007ea5a3dff000,0x00007ea5a3eff000] [id=785864]
  0x00007ea5fc054ca0 ConcurrentGCThread "G1 Main Marker" [stack: 0x00007ea5d21ff000,0x00007ea5d22ff000] [id=785735]
  0x00007ea5fc055c20 ConcurrentGCThread "G1 Conc#0" [stack: 0x00007ea5d20fe000,0x00007ea5d21fe000] [id=785736]
  0x00007ea5c4000ea0 ConcurrentGCThread "G1 Conc#1" [stack: 0x00007ea5a1efa000,0x00007ea5a1ffa000] [id=785839]
  0x00007ea5c4001920 ConcurrentGCThread "G1 Conc#2" [stack: 0x00007ea5a1df9000,0x00007ea5a1ef9000] [id=785840]
  0x00007ea5c40023a0 ConcurrentGCThread "G1 Conc#3" [stack: 0x00007ea5a1cf8000,0x00007ea5a1df8000] [id=785841]
  0x00007ea5fc127640 ConcurrentGCThread "G1 Refine#0" [stack: 0x00007ea5d10ee000,0x00007ea5d11ee000] [id=785737]
  0x00007ea5b8000ea0 ConcurrentGCThread "G1 Refine#1" [stack: 0x00007ea5a2700000,0x00007ea5a2800000] [id=785802]
  0x00007ea430000ea0 ConcurrentGCThread "G1 Refine#2" [stack: 0x00007ea5a25ff000,0x00007ea5a26ff000] [id=785803]
  0x00007ea428000ea0 ConcurrentGCThread "G1 Refine#3" [stack: 0x00007ea5a24fe000,0x00007ea5a25fe000] [id=785804]
  0x00007ea424000ea0 ConcurrentGCThread "G1 Refine#4" [stack: 0x00007ea5a23fd000,0x00007ea5a24fd000] [id=785805]
  0x00007ea41c000ea0 ConcurrentGCThread "G1 Refine#5" [stack: 0x00007ea5a22fc000,0x00007ea5a23fc000] [id=785806]
  0x00007ea418000ea0 ConcurrentGCThread "G1 Refine#6" [stack: 0x00007ea5a21fb000,0x00007ea5a22fb000] [id=785807]
  0x00007ea5fc128540 ConcurrentGCThread "G1 Service" [stack: 0x00007ea5d0fed000,0x00007ea5d10ed000] [id=785738]

Threads with active compile tasks:
C2 CompilerThread1     3392 6998       4       jdk.internal.jimage.ImageLocation::verify (218 bytes)
C2 CompilerThread3     3392 7004       4       java.util.TreeMap::put (8 bytes)

VM state: not at safepoint (normal execution)

VM Mutex/Monitor currently owned by a thread: None

Heap address: 0x0000000610400000, size: 7932 MB, Compressed Oops mode: Zero based, Oop shift amount: 3

CDS archive(s) not mapped
Compressed class space mapped at: 0x0000000800000000-0x0000000840000000, reserved size: 1073741824
Narrow klass base: 0x0000000800000000, Narrow klass shift: 0, Narrow klass range: 0x40000000

GC Precious Log:
 CPUs: 20 total, 20 available
 Memory: 31715M
 Large Page Support: Disabled
 NUMA Support: Disabled
 Compressed Oops: Enabled (Zero based)
 Heap Region Size: 4M
 Heap Min Capacity: 8M
 Heap Initial Capacity: 496M
 Heap Max Capacity: 7932M
 Pre-touch: Disabled
 Parallel Workers: 15
 Concurrent Workers: 4
 Concurrent Refinement Workers: 15
 Periodic GC: Disabled

Heap:
 garbage-first heap   total 98304K, used 58350K [0x0000000610400000, 0x0000000800000000)
  region size 4096K, 10 young (40960K), 2 survivors (8192K)
 Metaspace       used 52627K, committed 53888K, reserved 1114112K
  class space    used 6012K, committed 6528K, reserved 1048576K

Heap Regions: E=young(eden), S=young(survivor), O=old, HS=humongous(starts), HC=humongous(continues), CS=collection set, F=free, OA=open archive, CA=closed archive, TAMS=top-at-mark-start (previous, next)
|   0|0x0000000610400000, 0x0000000610800000, 0x0000000610800000|100%| O|  |TAMS 0x0000000610800000, 0x0000000610400000| Untracked 
|   1|0x0000000610800000, 0x0000000610c00000, 0x0000000610c00000|100%| O|  |TAMS 0x0000000610c00000, 0x0000000610800000| Untracked 
|   2|0x0000000610c00000, 0x0000000610c00000, 0x0000000611000000|  0%| F|  |TAMS 0x0000000610c00000, 0x0000000610c00000| Untracked 
|   3|0x0000000611000000, 0x0000000611400000, 0x0000000611400000|100%| O|  |TAMS 0x0000000611400000, 0x0000000611000000| Untracked 
|   4|0x0000000611400000, 0x0000000611800000, 0x0000000611800000|100%| O|  |TAMS 0x0000000611800000, 0x0000000611400000| Untracked 
|   5|0x0000000611800000, 0x0000000611800000, 0x0000000611c00000|  0%| F|  |TAMS 0x0000000611800000, 0x0000000611800000| Untracked 
|   6|0x0000000611c00000, 0x0000000611c00000, 0x0000000612000000|  0%| F|  |TAMS 0x0000000611c00000, 0x0000000611c00000| Untracked 
|   7|0x0000000612000000, 0x0000000612000000, 0x0000000612400000|  0%| F|  |TAMS 0x0000000612000000, 0x0000000612000000| Untracked 
|   8|0x0000000612400000, 0x0000000612800000, 0x0000000612800000|100%| O|  |TAMS 0x0000000612800000, 0x0000000612400000| Untracked 
|   9|0x0000000612800000, 0x0000000612b3a400, 0x0000000612c00000| 80%| O|  |TAMS 0x0000000612b3a400, 0x0000000612800000| Untracked 
|  10|0x0000000612c00000, 0x0000000612c00000, 0x0000000613000000|  0%| F|  |TAMS 0x0000000612c00000, 0x0000000612c00000| Untracked 
|  11|0x0000000613000000, 0x00000006131c1430, 0x0000000613400000| 43%| S|CS|TAMS 0x0000000613000000, 0x0000000613000000| Complete 
|  12|0x0000000613400000, 0x0000000613800000, 0x0000000613800000|100%| S|CS|TAMS 0x0000000613400000, 0x0000000613400000| Complete 
|  13|0x0000000613800000, 0x0000000613800000, 0x0000000613c00000|  0%| F|  |TAMS 0x0000000613800000, 0x0000000613800000| Untracked 
|  14|0x0000000613c00000, 0x0000000613c00000, 0x0000000614000000|  0%| F|  |TAMS 0x0000000613c00000, 0x0000000613c00000| Untracked 
|  15|0x0000000614000000, 0x0000000614000000, 0x0000000614400000|  0%| F|  |TAMS 0x0000000614000000, 0x0000000614000000| Untracked 
|  16|0x0000000614400000, 0x000000061476c230, 0x0000000614800000| 85%| E|  |TAMS 0x0000000614400000, 0x0000000614400000| Complete 
|  17|0x0000000614800000, 0x0000000614c00000, 0x0000000614c00000|100%| E|CS|TAMS 0x0000000614800000, 0x0000000614800000| Complete 
|  18|0x0000000614c00000, 0x0000000615000000, 0x0000000615000000|100%| E|CS|TAMS 0x0000000614c00000, 0x0000000614c00000| Complete 
|  19|0x0000000615000000, 0x0000000615400000, 0x0000000615400000|100%| E|CS|TAMS 0x0000000615000000, 0x0000000615000000| Complete 
|  20|0x0000000615400000, 0x0000000615800000, 0x0000000615800000|100%| E|CS|TAMS 0x0000000615400000, 0x0000000615400000| Complete 
| 115|0x000000062d000000, 0x000000062d400000, 0x000000062d400000|100%| E|CS|TAMS 0x000000062d000000, 0x000000062d000000| Complete 
| 116|0x000000062d400000, 0x000000062d800000, 0x000000062d800000|100%| E|CS|TAMS 0x000000062d400000, 0x000000062d400000| Complete 
| 123|0x000000062f000000, 0x000000062f400000, 0x000000062f400000|100%| E|CS|TAMS 0x000000062f000000, 0x000000062f000000| Complete 

Card table byte_map: [0x00007ea5e2c00000,0x00007ea5e3b7e000] _byte_map_base: 0x00007ea5dfb7e000

Marking Bits (Prev, Next): (CMBitMap*) 0x00007ea5fc044920, (CMBitMap*) 0x00007ea5fc044960
 Prev Bits: [0x00007ea5da000000, 0x00007ea5e1bf0000)
 Next Bits: [0x00007ea5d2400000, 0x00007ea5d9ff0000)

Polling page: 0x00007ea60272d000

Metaspace:

Usage:
  Non-class:     45,52 MB used.
      Class:      5,87 MB used.
       Both:     51,39 MB used.

Virtual space:
  Non-class space:       64,00 MB reserved,      46,25 MB ( 72%) committed,  1 nodes.
      Class space:        1,00 GB reserved,       6,38 MB ( <1%) committed,  1 nodes.
             Both:        1,06 GB reserved,      52,62 MB (  5%) committed. 

Chunk freelists:
   Non-Class:  937,00 KB
       Class:  9,56 MB
        Both:  10,48 MB

MaxMetaspaceSize: unlimited
CompressedClassSpaceSize: 1,00 GB
Initial GC threshold: 21,00 MB
Current GC threshold: 60,25 MB
CDS: off
MetaspaceReclaimPolicy: balanced
 - commit_granule_bytes: 65536.
 - commit_granule_words: 8192.
 - virtual_space_node_default_size: 8388608.
 - enlarge_chunks_in_place: 1.
 - new_chunks_are_fully_committed: 0.
 - uncommit_free_chunks: 1.
 - use_allocation_guard: 0.
 - handle_deallocations: 1.


Internal statistics:

num_allocs_failed_limit: 12.
num_arena_births: 510.
num_arena_deaths: 0.
num_vsnodes_births: 2.
num_vsnodes_deaths: 0.
num_space_committed: 842.
num_space_uncommitted: 0.
num_chunks_returned_to_freelist: 12.
num_chunks_taken_from_freelist: 2613.
num_chunk_merges: 9.
num_chunk_splits: 1573.
num_chunks_enlarged: 879.
num_inconsistent_stats: 0.

CodeHeap 'non-profiled nmethods': size=119168Kb used=4191Kb max_used=4191Kb free=114977Kb
 bounds [0x00007ea5ecfa0000, 0x00007ea5ed3c0000, 0x00007ea5f4400000]
CodeHeap 'profiled nmethods': size=119164Kb used=14542Kb max_used=14542Kb free=104621Kb
 bounds [0x00007ea5e5400000, 0x00007ea5e6240000, 0x00007ea5ec85f000]
CodeHeap 'non-nmethods': size=7428Kb used=3072Kb max_used=3112Kb free=4355Kb
 bounds [0x00007ea5ec85f000, 0x00007ea5ecb7f000, 0x00007ea5ecfa0000]
 total_blobs=7093 nmethods=6352 adapters=647
 compilation: enabled
              stopped_count=0, restarted_count=0
 full_count=0

Compilation events (20 events):
Event: 3,359 Thread 0x00007ea5fc1ee5d0 nmethod 7022 0x00007ea5e622cf10 code [0x00007ea5e622d1e0, 0x00007ea5e622e510]
Event: 3,359 Thread 0x00007ea56c0bf8b0 nmethod 7034 0x00007ea5e622eb10 code [0x00007ea5e622eca0, 0x00007ea5e622ee10]
Event: 3,359 Thread 0x00007ea58006ca90 7038       3       java.lang.invoke.MethodHandle::intrinsicName (4 bytes)
Event: 3,359 Thread 0x00007ea58006ca90 nmethod 7038 0x00007ea5e622ee90 code [0x00007ea5e622f020, 0x00007ea5e622f130]
Event: 3,359 Thread 0x00007ea58006dc30 nmethod 7031 0x00007ea5e622f190 code [0x00007ea5e622f3e0, 0x00007ea5e622fcc0]
Event: 3,359 Thread 0x00007ea58006ca90 7042       3       java.lang.invoke.InvokerBytecodeGenerator::emitStoreInsn (21 bytes)
Event: 3,359 Thread 0x00007ea56c0bf8b0 7043       3       java.lang.invoke.LambdaFormBuffer::changeName (149 bytes)
Event: 3,359 Thread 0x00007ea58006ca90 nmethod 7042 0x00007ea5e622ff90 code [0x00007ea5e6230140, 0x00007ea5e6230390]
Event: 3,359 Thread 0x00007ea58006dc30 7044       3       java.lang.invoke.LambdaForm::useCount (61 bytes)
Event: 3,359 Thread 0x00007ea56c0bf8b0 nmethod 7043 0x00007ea5e6230510 code [0x00007ea5e62306e0, 0x00007ea5e6230c40]
Event: 3,359 Thread 0x00007ea58006dc30 nmethod 7044 0x00007ea5e6230e10 code [0x00007ea5e6230fe0, 0x00007ea5e6231340]
Event: 3,360 Thread 0x00007ea58006ca90 7047       3       java.io.StringWriter::write (11 bytes)
Event: 3,360 Thread 0x00007ea58006dc30 7048       3       com.sun.org.apache.xml.internal.serializer.ToStream::escapingNotNeeded (51 bytes)
Event: 3,360 Thread 0x00007ea5fc1ee5d0 7049       3       com.sun.org.apache.xml.internal.serializer.CharInfo::isSpecialAttrChar (20 bytes)
Event: 3,360 Thread 0x00007ea5fc1ee5d0 nmethod 7049 0x00007ea5e6231510 code [0x00007ea5e62316c0, 0x00007ea5e6231880]
Event: 3,360 Thread 0x00007ea58006ca90 nmethod 7047 0x00007ea5e6231990 code [0x00007ea5e6231b40, 0x00007ea5e6231e00]
Event: 3,360 Thread 0x00007ea58006dc30 nmethod 7048 0x00007ea5e6231f10 code [0x00007ea5e62320e0, 0x00007ea5e6232510]
Event: 3,361 Thread 0x00007ea5fc1ee5d0 7051       3       sun.invoke.util.VerifyAccess::isModuleAccessible (97 bytes)
Event: 3,362 Thread 0x00007ea5fc1ee5d0 nmethod 7051 0x00007ea5e6232690 code [0x00007ea5e6232960, 0x00007ea5e6233660]
Event: 3,362 Thread 0x00007ea580453ca0 7007       4       java.util.TreeMap::getEntry (77 bytes)

GC Heap History (18 events):
Event: 0,422 GC heap before
{Heap before GC invocations=0 (full 0):
 garbage-first heap   total 507904K, used 20480K [0x0000000610400000, 0x0000000800000000)
  region size 4096K, 6 young (24576K), 0 survivors (0K)
 Metaspace       used 14767K, committed 14912K, reserved 1114112K
  class space    used 1346K, committed 1408K, reserved 1048576K
}
Event: 0,424 GC heap after
{Heap after GC invocations=1 (full 0):
 garbage-first heap   total 507904K, used 3874K [0x0000000610400000, 0x0000000800000000)
  region size 4096K, 1 young (4096K), 1 survivors (4096K)
 Metaspace       used 14767K, committed 14912K, reserved 1114112K
  class space    used 1346K, committed 1408K, reserved 1048576K
}
Event: 0,549 GC heap before
{Heap before GC invocations=1 (full 0):
 garbage-first heap   total 507904K, used 32546K [0x0000000610400000, 0x0000000800000000)
  region size 4096K, 8 young (32768K), 1 survivors (4096K)
 Metaspace       used 16159K, committed 16384K, reserved 1114112K
  class space    used 1489K, committed 1600K, reserved 1048576K
}
Event: 0,552 GC heap after
{Heap after GC invocations=2 (full 0):
 garbage-first heap   total 507904K, used 9793K [0x0000000610400000, 0x0000000800000000)
  region size 4096K, 1 young (4096K), 1 survivors (4096K)
 Metaspace       used 16159K, committed 16384K, reserved 1114112K
  class space    used 1489K, committed 1600K, reserved 1048576K
}
Event: 0,841 GC heap before
{Heap before GC invocations=2 (full 0):
 garbage-first heap   total 507904K, used 157249K [0x0000000610400000, 0x0000000800000000)
  region size 4096K, 37 young (151552K), 1 survivors (4096K)
 Metaspace       used 16965K, committed 17152K, reserved 1114112K
  class space    used 1501K, committed 1600K, reserved 1048576K
}
Event: 0,846 GC heap after
{Heap after GC invocations=3 (full 0):
 garbage-first heap   total 507904K, used 32304K [0x0000000610400000, 0x0000000800000000)
  region size 4096K, 5 young (20480K), 5 survivors (20480K)
 Metaspace       used 16965K, committed 17152K, reserved 1114112K
  class space    used 1501K, committed 1600K, reserved 1048576K
}
Event: 1,177 GC heap before
{Heap before GC invocations=3 (full 0):
 garbage-first heap   total 507904K, used 101936K [0x0000000610400000, 0x0000000800000000)
  region size 4096K, 23 young (94208K), 5 survivors (20480K)
 Metaspace       used 20380K, committed 20672K, reserved 1114112K
  class space    used 1856K, committed 1984K, reserved 1048576K
}
Event: 1,179 GC heap after
{Heap after GC invocations=4 (full 0):
 garbage-first heap   total 507904K, used 23833K [0x0000000610400000, 0x0000000800000000)
  region size 4096K, 2 young (8192K), 2 survivors (8192K)
 Metaspace       used 20380K, committed 20672K, reserved 1114112K
  class space    used 1856K, committed 1984K, reserved 1048576K
}
Event: 1,390 GC heap before
{Heap before GC invocations=4 (full 0):
 garbage-first heap   total 507904K, used 48409K [0x0000000610400000, 0x0000000800000000)
  region size 4096K, 9 young (36864K), 2 survivors (8192K)
 Metaspace       used 21222K, committed 21504K, reserved 1114112K
  class space    used 1923K, committed 2048K, reserved 1048576K
}
Event: 1,393 GC heap after
{Heap after GC invocations=5 (full 0):
 garbage-first heap   total 507904K, used 23163K [0x0000000610400000, 0x0000000800000000)
  region size 4096K, 2 young (8192K), 2 survivors (8192K)
 Metaspace       used 21222K, committed 21504K, reserved 1114112K
  class space    used 1923K, committed 2048K, reserved 1048576K
}
Event: 1,985 GC heap before
{Heap before GC invocations=6 (full 0):
 garbage-first heap   total 98304K, used 71343K [0x0000000610400000, 0x0000000800000000)
  region size 4096K, 16 young (65536K), 2 survivors (8192K)
 Metaspace       used 35484K, committed 36160K, reserved 1114112K
  class space    used 3674K, committed 3968K, reserved 1048576K
}
Event: 1,989 GC heap after
{Heap after GC invocations=7 (full 0):
 garbage-first heap   total 98304K, used 27966K [0x0000000610400000, 0x0000000800000000)
  region size 4096K, 3 young (12288K), 3 survivors (12288K)
 Metaspace       used 35484K, committed 36160K, reserved 1114112K
  class space    used 3674K, committed 3968K, reserved 1048576K
}
Event: 2,000 GC heap before
{Heap before GC invocations=7 (full 0):
 garbage-first heap   total 98304K, used 27966K [0x0000000610400000, 0x0000000800000000)
  region size 4096K, 4 young (16384K), 3 survivors (12288K)
 Metaspace       used 35738K, committed 36480K, reserved 1114112K
  class space    used 3709K, committed 4032K, reserved 1048576K
}
Event: 2,002 GC heap after
{Heap after GC invocations=8 (full 0):
 garbage-first heap   total 98304K, used 25321K [0x0000000610400000, 0x0000000800000000)
  region size 4096K, 1 young (4096K), 1 survivors (4096K)
 Metaspace       used 35738K, committed 36480K, reserved 1114112K
  class space    used 3709K, committed 4032K, reserved 1048576K
}
Event: 2,021 GC heap before
{Heap before GC invocations=8 (full 0):
 garbage-first heap   total 98304K, used 25321K [0x0000000610400000, 0x0000000800000000)
  region size 4096K, 2 young (8192K), 1 survivors (4096K)
 Metaspace       used 36089K, committed 36800K, reserved 1114112K
  class space    used 3756K, committed 4032K, reserved 1048576K
}
Event: 2,021 GC heap after
{Heap after GC invocations=9 (full 0):
 garbage-first heap   total 98304K, used 24354K [0x0000000610400000, 0x0000000800000000)
  region size 4096K, 1 young (4096K), 1 survivors (4096K)
 Metaspace       used 36089K, committed 36800K, reserved 1114112K
  class space    used 3756K, committed 4032K, reserved 1048576K
}
Event: 2,517 GC heap before
{Heap before GC invocations=10 (full 0):
 garbage-first heap   total 98304K, used 65314K [0x0000000610400000, 0x0000000800000000)
  region size 4096K, 11 young (45056K), 1 survivors (4096K)
 Metaspace       used 44099K, committed 45184K, reserved 1114112K
  class space    used 4820K, committed 5248K, reserved 1048576K
}
Event: 2,519 GC heap after
{Heap after GC invocations=11 (full 0):
 garbage-first heap   total 98304K, used 29678K [0x0000000610400000, 0x0000000800000000)
  region size 4096K, 2 young (8192K), 2 survivors (8192K)
 Metaspace       used 44099K, committed 45184K, reserved 1114112K
  class space    used 4820K, committed 5248K, reserved 1048576K
}

Dll operation events (13 events):
Event: 0,001 Loaded shared library /usr/lib/jvm/java-17-openjdk/lib/libjava.so
Event: 0,015 Loaded shared library /usr/lib/jvm/java-17-openjdk/lib/libjsvml.so
Event: 0,035 Loaded shared library /usr/lib/jvm/java-17-openjdk/lib/libnio.so
Event: 0,037 Loaded shared library /usr/lib/jvm/java-17-openjdk/lib/libzip.so
Event: 0,110 Loaded shared library /usr/lib/jvm/java-17-openjdk/lib/libjimage.so
Event: 0,200 Loaded shared library /usr/lib/jvm/java-17-openjdk/lib/libnet.so
Event: 0,202 Loaded shared library /opt/ApacheDirectoryStudio/plugins/org.eclipse.equinox.launcher.gtk.linux.x86_64_1.2.0.v20200915-1442/eclipse_11201.so
Event: 1,515 Loaded shared library /home/marlonsc/.eclipse/1591715926_linux_gtk_x86_64/configuration/org.eclipse.osgi/392/0/.cp/libswt-gtk-4940r23.so
Event: 1,519 Loaded shared library /home/marlonsc/.eclipse/1591715926_linux_gtk_x86_64/configuration/org.eclipse.osgi/392/0/.cp/libswt-pi3-gtk-4940r23.so
Event: 1,528 Loaded shared library /home/marlonsc/.eclipse/1591715926_linux_gtk_x86_64/configuration/org.eclipse.osgi/392/0/.cp/libswt-cairo-gtk-4940r23.so
Event: 1,576 Loaded shared library /usr/lib/jvm/java-17-openjdk/lib/libverify.so
Event: 1,928 Loaded shared library /home/marlonsc/.eclipse/1591715926_linux_gtk_x86_64/configuration/org.eclipse.osgi/392/0/.cp/libswt-atk-gtk-4940r23.so
Event: 3,024 Loaded shared library /home/marlonsc/.eclipse/1591715926_linux_gtk_x86_64/configuration/org.eclipse.osgi/392/0/.cp/libswt-webkit-gtk-4940r23.so

Deoptimization events (20 events):
Event: 3,315 Thread 0x00007ea5fc014690 DEOPT PACKING pc=0x00007ea5ed18abe0 sp=0x00007ea600df60f0
Event: 3,315 Thread 0x00007ea5fc014690 DEOPT UNPACKING pc=0x00007ea5ec8b5699 sp=0x00007ea600df60b8 mode 2
Event: 3,315 Thread 0x00007ea5fc014690 Uncommon trap: trap_request=0xffffff45 fr.pc=0x00007ea5ed192bd4 relative=0x0000000000000114
Event: 3,315 Thread 0x00007ea5fc014690 Uncommon trap: reason=unstable_if action=reinterpret pc=0x00007ea5ed192bd4 method=com.sun.org.apache.xerces.internal.impl.XMLNSDocumentScannerImpl.next()I @ 12 c2
Event: 3,315 Thread 0x00007ea5fc014690 DEOPT PACKING pc=0x00007ea5ed192bd4 sp=0x00007ea600df64c0
Event: 3,315 Thread 0x00007ea5fc014690 DEOPT UNPACKING pc=0x00007ea5ec8b5699 sp=0x00007ea600df6488 mode 2
Event: 3,316 Thread 0x00007ea5fc014690 DEOPT PACKING pc=0x00007ea5e5f4dc6b sp=0x00007ea600df6670
Event: 3,316 Thread 0x00007ea5fc014690 DEOPT UNPACKING pc=0x00007ea5ec8b5e2f sp=0x00007ea600df5c18 mode 3
Event: 3,331 Thread 0x00007ea5fc014690 Uncommon trap: trap_request=0xffffff45 fr.pc=0x00007ea5ed19d8e0 relative=0x0000000000000600
Event: 3,331 Thread 0x00007ea5fc014690 Uncommon trap: reason=unstable_if action=reinterpret pc=0x00007ea5ed19d8e0 method=java.util.Properties.getProperty(Ljava/lang/String;)Ljava/lang/String; @ 36 c2
Event: 3,331 Thread 0x00007ea5fc014690 DEOPT PACKING pc=0x00007ea5ed19d8e0 sp=0x00007ea600df6600
Event: 3,331 Thread 0x00007ea5fc014690 DEOPT UNPACKING pc=0x00007ea5ec8b5699 sp=0x00007ea600df65c8 mode 2
Event: 3,337 Thread 0x00007ea5fc014690 Uncommon trap: trap_request=0xffffff45 fr.pc=0x00007ea5ed2f72a8 relative=0x00000000000005e8
Event: 3,337 Thread 0x00007ea5fc014690 Uncommon trap: reason=unstable_if action=reinterpret pc=0x00007ea5ed2f72a8 method=java.security.AccessControlContext.combine([Ljava/security/ProtectionDomain;[Ljava/security/ProtectionDomain;)[Ljava/security/ProtectionDomain; @ 151 c2
Event: 3,337 Thread 0x00007ea5fc014690 DEOPT PACKING pc=0x00007ea5ed2f72a8 sp=0x00007ea600df5970
Event: 3,337 Thread 0x00007ea5fc014690 DEOPT UNPACKING pc=0x00007ea5ec8b5699 sp=0x00007ea600df5908 mode 2
Event: 3,339 Thread 0x00007ea5fc014690 Uncommon trap: trap_request=0xffffff45 fr.pc=0x00007ea5ed038f2c relative=0x000000000000142c
Event: 3,339 Thread 0x00007ea5fc014690 Uncommon trap: reason=unstable_if action=reinterpret pc=0x00007ea5ed038f2c method=java.util.Properties.load0(Ljava/util/Properties$LineReader;)V @ 186 c2
Event: 3,339 Thread 0x00007ea5fc014690 DEOPT PACKING pc=0x00007ea5ed038f2c sp=0x00007ea600df5c10
Event: 3,339 Thread 0x00007ea5fc014690 DEOPT UNPACKING pc=0x00007ea5ec8b5699 sp=0x00007ea600df5bd8 mode 2

Classes unloaded (0 events):
No events

Classes redefined (0 events):
No events

Internal exceptions (20 events):
Event: 2,515 Thread 0x00007ea5fc014690 Exception <a 'java/lang/ClassNotFoundException'{0x0000000613baeab0}: java/lang/ClassPersistenceDelegate> (0x0000000613baeab0) 
thrown [src/hotspot/share/classfile/systemDictionary.cpp, line 256]
Event: 2,515 Thread 0x00007ea5fc014690 Exception <a 'java/lang/ClassNotFoundException'{0x0000000613bb1530}: java/lang/ObjectPersistenceDelegate> (0x0000000613bb1530) 
thrown [src/hotspot/share/classfile/systemDictionary.cpp, line 256]
Event: 2,515 Thread 0x00007ea5fc014690 Exception <a 'java/lang/ClassNotFoundException'{0x0000000613bb4098}: java/lang/IntegerPersistenceDelegate> (0x0000000613bb4098) 
thrown [src/hotspot/share/classfile/systemDictionary.cpp, line 256]
Event: 2,515 Thread 0x00007ea5fc014690 Exception <a 'java/lang/ClassNotFoundException'{0x0000000613bb6c00}: java/lang/NumberPersistenceDelegate> (0x0000000613bb6c00) 
thrown [src/hotspot/share/classfile/systemDictionary.cpp, line 256]
Event: 2,515 Thread 0x00007ea5fc014690 Exception <a 'java/lang/ClassNotFoundException'{0x0000000613bc2eb0}: org/apache/directory/studio/ldapbrowser/core/model/schema/BinarySyntaxPersistenceDelegate> (0x0000000613bc2eb0) 
thrown [src/hotspot/share/classfile/systemDictionary.cpp, line 256]
Event: 2,515 Thread 0x00007ea5fc014690 Exception <a 'java/lang/ClassNotFoundException'{0x0000000613bcc8d0}: org/apache/directory/studio/ldapbrowser/core/model/schema/BinarySyntaxBeanInfo> (0x0000000613bcc8d0) 
thrown [src/hotspot/share/classfile/systemDictionary.cpp, line 256]
Event: 2,515 Thread 0x00007ea5fc014690 Exception <a 'java/lang/ClassNotFoundException'{0x0000000613bd6570}: org/apache/directory/studio/ldapbrowser/core/model/schema/BinarySyntaxCustomizer> (0x0000000613bd6570) 
thrown [src/hotspot/share/classfile/systemDictionary.cpp, line 256]
Event: 2,516 Thread 0x00007ea5fc014690 Exception <a 'java/lang/ClassNotFoundException'{0x0000000613bdaba8}: java/beans/MetaData$org_apache_directory_studio_ldapbrowser_core_model_schema_BinarySyntax_PersistenceDelegate> (0x0000000613bdaba8) 
thrown [src/hotspot/share/classfile/systemDictionary.cpp, line 256]
Event: 2,531 Thread 0x00007ea5fc014690 Exception <a 'java/io/FileNotFoundException'{0x000000062f11dea8}> (0x000000062f11dea8) 
thrown [src/hotspot/share/prims/jni.cpp, line 516]
Event: 2,641 Thread 0x00007ea5fc014690 Exception <a 'java/lang/NoSuchMethodError'{0x000000062d2b4d68}: 'int java.lang.invoke.DirectMethodHandle$Holder.invokeSpecial(java.lang.Object, java.lang.Object, java.lang.Object, java.lang.Object, java.lang.Object)'> (0x000000062d2b4d68) 
thrown [src/hotspot/share/interpreter/linkResolver.cpp, line 759]
Event: 2,668 Thread 0x00007ea5fc014690 Exception <a 'java/io/FileNotFoundException'{0x0000000615475970}> (0x0000000615475970) 
thrown [src/hotspot/share/prims/jni.cpp, line 516]
Event: 2,825 Thread 0x00007ea5fc014690 Exception <a 'java/lang/NoSuchMethodError'{0x00000006152ac010}: 'void java.lang.invoke.DirectMethodHandle$Holder.invokeSpecial(java.lang.Object, java.lang.Object, int)'> (0x00000006152ac010) 
thrown [src/hotspot/share/interpreter/linkResolver.cpp, line 759]
Event: 2,840 Thread 0x00007ea5fc014690 Exception <a 'java/io/FileNotFoundException'{0x000000061530eea0}> (0x000000061530eea0) 
thrown [src/hotspot/share/prims/jni.cpp, line 516]
Event: 2,849 Thread 0x00007ea5fc014690 Exception <a 'java/io/FileNotFoundException'{0x0000000614c0bbd8}> (0x0000000614c0bbd8) 
thrown [src/hotspot/share/prims/jni.cpp, line 516]
Event: 2,849 Thread 0x00007ea5fc014690 Exception <a 'java/io/FileNotFoundException'{0x0000000614c0de38}> (0x0000000614c0de38) 
thrown [src/hotspot/share/prims/jni.cpp, line 516]
Event: 2,967 Thread 0x00007ea5fc014690 Implicit null exception at 0x00007ea5ed14ced3 to 0x00007ea5ed14d060
Event: 2,993 Thread 0x00007ea5fc014690 Exception <a 'java/io/FileNotFoundException'{0x0000000614ac0820}> (0x0000000614ac0820) 
thrown [src/hotspot/share/prims/jni.cpp, line 516]
Event: 2,993 Thread 0x00007ea5fc014690 Exception <a 'java/io/FileNotFoundException'{0x0000000614ac2948}> (0x0000000614ac2948) 
thrown [src/hotspot/share/prims/jni.cpp, line 516]
Event: 3,015 Thread 0x00007ea5fc014690 Exception <a 'java/io/FileNotFoundException'{0x000000061443ecf8}> (0x000000061443ecf8) 
thrown [src/hotspot/share/prims/jni.cpp, line 516]
Event: 3,337 Thread 0x00007ea5fc014690 Exception <a 'java/lang/ClassNotFoundException'{0x00000006145a70e0}: com/sun/org/apache/xml/internal/serializer/spi/XMLEntitiesProvider> (0x00000006145a70e0) 
thrown [src/hotspot/share/classfile/systemDictionary.cpp, line 256]

VM Operations (20 events):
Event: 2,649 Executing VM operation: HandshakeAllThreads
Event: 2,649 Executing VM operation: HandshakeAllThreads done
Event: 2,652 Executing VM operation: HandshakeAllThreads
Event: 2,652 Executing VM operation: HandshakeAllThreads done
Event: 2,680 Executing VM operation: HandshakeAllThreads
Event: 2,680 Executing VM operation: HandshakeAllThreads done
Event: 2,754 Executing VM operation: HandshakeAllThreads
Event: 2,754 Executing VM operation: HandshakeAllThreads done
Event: 2,870 Executing VM operation: ICBufferFull
Event: 2,870 Executing VM operation: ICBufferFull done
Event: 2,882 Executing VM operation: HandshakeAllThreads
Event: 2,882 Executing VM operation: HandshakeAllThreads done
Event: 2,915 Executing VM operation: HandshakeAllThreads
Event: 2,915 Executing VM operation: HandshakeAllThreads done
Event: 2,982 Executing VM operation: ICBufferFull
Event: 2,982 Executing VM operation: ICBufferFull done
Event: 3,019 Executing VM operation: HandshakeAllThreads
Event: 3,019 Executing VM operation: HandshakeAllThreads done
Event: 3,316 Executing VM operation: HandshakeAllThreads
Event: 3,316 Executing VM operation: HandshakeAllThreads done

Events (20 events):
Event: 3,357 loading class com/sun/org/apache/xml/internal/serializer/NamespaceMappings
Event: 3,357 loading class com/sun/org/apache/xml/internal/serializer/NamespaceMappings done
Event: 3,357 loading class com/sun/org/apache/xml/internal/serializer/NamespaceMappings$MappingRecord
Event: 3,357 loading class com/sun/org/apache/xml/internal/serializer/NamespaceMappings$MappingRecord done
Event: 3,357 loading class javax/xml/transform/stream/StreamSource
Event: 3,357 loading class javax/xml/transform/stream/StreamSource done
Event: 3,357 loading class javax/xml/transform/sax/SAXSource
Event: 3,357 loading class javax/xml/transform/sax/SAXSource done
Event: 3,357 loading class javax/xml/transform/stax/StAXSource
Event: 3,357 loading class javax/xml/transform/stax/StAXSource done
Event: 3,357 loading class com/sun/org/apache/xalan/internal/xsltc/trax/DOM2TO
Event: 3,357 loading class com/sun/org/apache/xalan/internal/xsltc/trax/DOM2TO done
Event: 3,360 loading class com/sun/org/apache/xml/internal/serializer/WriterToUTF8Buffered
Event: 3,360 loading class com/sun/org/apache/xml/internal/serializer/WriterChain
Event: 3,360 loading class com/sun/org/apache/xml/internal/serializer/WriterChain done
Event: 3,360 loading class com/sun/org/apache/xml/internal/serializer/WriterToUTF8Buffered done
Event: 3,360 loading class com/sun/org/apache/xml/internal/serializer/WriterToASCI
Event: 3,360 loading class com/sun/org/apache/xml/internal/serializer/WriterToASCI done
Event: 3,362 Thread 0x00007ea580453ca0 Thread added: 0x00007ea580453ca0
Event: 3,362 Protecting memory [0x00007ea5bc5b7000,0x00007ea5bc5bb000] with protection modes 0


Dynamic libraries:
610400000-615800000 rw-p 00000000 00:00 0 
615800000-62d000000 ---p 00000000 00:00 0 
62d000000-62d800000 rw-p 00000000 00:00 0 
62d800000-62f000000 ---p 00000000 00:00 0 
62f000000-62f400000 rw-p 00000000 00:00 0 
62f400000-800000000 ---p 00000000 00:00 0 
800000000-800030000 rw-p 00000000 00:00 0 
800030000-8000f0000 rw-p 00000000 00:00 0 
8000f0000-800130000 rw-p 00000000 00:00 0 
800130000-800170000 rw-p 00000000 00:00 0 
800170000-8001f0000 rw-p 00000000 00:00 0 
8001f0000-800530000 rw-p 00000000 00:00 0 
800530000-800540000 ---p 00000000 00:00 0 
800540000-800670000 rw-p 00000000 00:00 0 
800670000-840000000 ---p 00000000 00:00 0 
5f008d39f000-5f008d3a0000 r--p 00000000 103:02 206582805                 /usr/lib/jvm/java-17-openjdk/bin/java
5f008d3a0000-5f008d3a1000 r-xp 00001000 103:02 206582805                 /usr/lib/jvm/java-17-openjdk/bin/java
5f008d3a1000-5f008d3a2000 r--p 00002000 103:02 206582805                 /usr/lib/jvm/java-17-openjdk/bin/java
5f008d3a2000-5f008d3a3000 r--p 00002000 103:02 206582805                 /usr/lib/jvm/java-17-openjdk/bin/java
5f008d3a3000-5f008d3a4000 rw-p 00003000 103:02 206582805                 /usr/lib/jvm/java-17-openjdk/bin/java
5f008da99000-5f008dae0000 rw-p 00000000 00:00 0                          [heap]
7e8800000000-7e9000000000 rw-p 00000000 00:00 0 
7e9000000000-7e9800000000 ---p 00000000 00:00 0 
7e9800000000-7e9c00000000 rw-p 00000000 00:00 0 
7ea363400000-7ea3a3402000 rwxp 00000000 00:00 0 
7ea3a3600000-7ea3ab600000 rw-p 00000000 00:00 0 
7ea3ab600000-7ea3ab604000 r--p 00000000 103:02 67127867                  /usr/lib/libSvtAv1Enc.so.2.0.0
7ea3ab604000-7ea3abb7f000 r-xp 00004000 103:02 67127867                  /usr/lib/libSvtAv1Enc.so.2.0.0
7ea3abb7f000-7ea3abc82000 r--p 0057f000 103:02 67127867                  /usr/lib/libSvtAv1Enc.so.2.0.0
7ea3abc82000-7ea3abc8c000 r--p 00682000 103:02 67127867                  /usr/lib/libSvtAv1Enc.so.2.0.0
7ea3abc8c000-7ea3abc92000 rw-p 0068c000 103:02 67127867                  /usr/lib/libSvtAv1Enc.so.2.0.0
7ea3abc92000-7ea3b3dd9000 rw-p 00000000 00:00 0 
7ea3b3e00000-7ea3b4cad000 r--p 00000000 103:02 70835652                  /usr/lib/libwebkit2gtk-4.0.so.37.68.5
7ea3b4cad000-7ea3b7d05000 r-xp 00eac000 103:02 70835652                  /usr/lib/libwebkit2gtk-4.0.so.37.68.5
7ea3b7d05000-7ea3b7f81000 r--p 03f03000 103:02 70835652                  /usr/lib/libwebkit2gtk-4.0.so.37.68.5
7ea3b7f81000-7ea3b7fc6000 rw-p 0417e000 103:02 70835652                  /usr/lib/libwebkit2gtk-4.0.so.37.68.5
7ea3b7fc6000-7ea3b7fe8000 rw-p 00000000 00:00 0 
7ea3b8000000-7ea3b8021000 rw-p 00000000 00:00 0 
7ea3b8021000-7ea3bc000000 ---p 00000000 00:00 0 
7ea3bc000000-7ea3bc021000 rw-p 00000000 00:00 0 
7ea3bc021000-7ea3c0000000 ---p 00000000 00:00 0 
7ea3c4000000-7ea3c4021000 rw-p 00000000 00:00 0 
7ea3c4021000-7ea3c8000000 ---p 00000000 00:00 0 
7ea3c8000000-7ea3c8021000 rw-p 00000000 00:00 0 
7ea3c8021000-7ea3cc000000 ---p 00000000 00:00 0 
7ea3d0000000-7ea3d0021000 rw-p 00000000 00:00 0 
7ea3d0021000-7ea3d4000000 ---p 00000000 00:00 0 
7ea3d4000000-7ea3d4021000 rw-p 00000000 00:00 0 
7ea3d4021000-7ea3d8000000 ---p 00000000 00:00 0 
7ea3dc000000-7ea3dc021000 rw-p 00000000 00:00 0 
7ea3dc021000-7ea3e0000000 ---p 00000000 00:00 0 
7ea3e0000000-7ea3e0021000 rw-p 00000000 00:00 0 
7ea3e0021000-7ea3e4000000 ---p 00000000 00:00 0 
7ea3e8000000-7ea3e8021000 rw-p 00000000 00:00 0 
7ea3e8021000-7ea3ec000000 ---p 00000000 00:00 0 
7ea3ec000000-7ea3ec021000 rw-p 00000000 00:00 0 
7ea3ec021000-7ea3f0000000 ---p 00000000 00:00 0 
7ea3f4000000-7ea3f4021000 rw-p 00000000 00:00 0 
7ea3f4021000-7ea3f8000000 ---p 00000000 00:00 0 
7ea3f8000000-7ea3f8021000 rw-p 00000000 00:00 0 
7ea3f8021000-7ea3fc000000 ---p 00000000 00:00 0 
7ea400000000-7ea400021000 rw-p 00000000 00:00 0 
7ea400021000-7ea404000000 ---p 00000000 00:00 0 
7ea404000000-7ea404021000 rw-p 00000000 00:00 0 
7ea404021000-7ea408000000 ---p 00000000 00:00 0 
7ea40c000000-7ea40c021000 rw-p 00000000 00:00 0 
7ea40c021000-7ea410000000 ---p 00000000 00:00 0 
7ea410000000-7ea410021000 rw-p 00000000 00:00 0 
7ea410021000-7ea414000000 ---p 00000000 00:00 0 
7ea418000000-7ea418021000 rw-p 00000000 00:00 0 
7ea418021000-7ea41c000000 ---p 00000000 00:00 0 
7ea41c000000-7ea41c021000 rw-p 00000000 00:00 0 
7ea41c021000-7ea420000000 ---p 00000000 00:00 0 
7ea424000000-7ea424021000 rw-p 00000000 00:00 0 
7ea424021000-7ea428000000 ---p 00000000 00:00 0 
7ea428000000-7ea428021000 rw-p 00000000 00:00 0 
7ea428021000-7ea42c000000 ---p 00000000 00:00 0 
7ea430000000-7ea430021000 rw-p 00000000 00:00 0 
7ea430021000-7ea434000000 ---p 00000000 00:00 0 
7ea434000000-7ea434a60000 rw-p 00000000 00:00 0 
7ea434a60000-7ea438000000 ---p 00000000 00:00 0 
7ea43c000000-7ea43ccfa000 rw-p 00000000 00:00 0 
7ea43ccfa000-7ea440000000 ---p 00000000 00:00 0 
7ea440000000-7ea440c77000 rw-p 00000000 00:00 0 
7ea440c77000-7ea444000000 ---p 00000000 00:00 0 
7ea448000000-7ea448021000 rw-p 00000000 00:00 0 
7ea448021000-7ea44c000000 ---p 00000000 00:00 0 
7ea44c000000-7ea44c021000 rw-p 00000000 00:00 0 
7ea44c021000-7ea450000000 ---p 00000000 00:00 0 
7ea454000000-7ea454021000 rw-p 00000000 00:00 0 
7ea454021000-7ea458000000 ---p 00000000 00:00 0 
7ea458000000-7ea458021000 rw-p 00000000 00:00 0 
7ea458021000-7ea45c000000 ---p 00000000 00:00 0 
7ea460000000-7ea4611c6000 rw-p 00000000 00:00 0 
7ea4611c6000-7ea464000000 ---p 00000000 00:00 0 
7ea464000000-7ea464021000 rw-p 00000000 00:00 0 
7ea464021000-7ea468000000 ---p 00000000 00:00 0 
7ea46c000000-7ea46c021000 rw-p 00000000 00:00 0 
7ea46c021000-7ea470000000 ---p 00000000 00:00 0 
7ea470000000-7ea470021000 rw-p 00000000 00:00 0 
7ea470021000-7ea474000000 ---p 00000000 00:00 0 
7ea478000000-7ea478021000 rw-p 00000000 00:00 0 
7ea478021000-7ea47c000000 ---p 00000000 00:00 0 
7ea47c000000-7ea47c021000 rw-p 00000000 00:00 0 
7ea47c021000-7ea480000000 ---p 00000000 00:00 0 
7ea484000000-7ea484021000 rw-p 00000000 00:00 0 
7ea484021000-7ea488000000 ---p 00000000 00:00 0 
7ea488000000-7ea488021000 rw-p 00000000 00:00 0 
7ea488021000-7ea48c000000 ---p 00000000 00:00 0 
7ea490000000-7ea490021000 rw-p 00000000 00:00 0 
7ea490021000-7ea494000000 ---p 00000000 00:00 0 
7ea494000000-7ea494021000 rw-p 00000000 00:00 0 
7ea494021000-7ea498000000 ---p 00000000 00:00 0 
7ea49c000000-7ea49c021000 rw-p 00000000 00:00 0 
7ea49c021000-7ea4a0000000 ---p 00000000 00:00 0 
7ea4a0000000-7ea4a0021000 rw-p 00000000 00:00 0 
7ea4a0021000-7ea4a4000000 ---p 00000000 00:00 0 
7ea4a8000000-7ea4a8051000 rw-p 00000000 00:00 0 
7ea4a8051000-7ea4ac000000 ---p 00000000 00:00 0 
7ea4ac000000-7ea4ac40e000 rw-p 00000000 00:00 0 
7ea4ac40e000-7ea4b0000000 ---p 00000000 00:00 0 
7ea4b4000000-7ea4b4068000 rw-p 00000000 00:00 0 
7ea4b4068000-7ea4b8000000 ---p 00000000 00:00 0 
7ea4b8000000-7ea4b8021000 rw-p 00000000 00:00 0 
7ea4b8021000-7ea4bc000000 ---p 00000000 00:00 0 
7ea4c0000000-7ea4c0021000 rw-p 00000000 00:00 0 
7ea4c0021000-7ea4c4000000 ---p 00000000 00:00 0 
7ea4c4000000-7ea4c4021000 rw-p 00000000 00:00 0 
7ea4c4021000-7ea4c8000000 ---p 00000000 00:00 0 
7ea4cc000000-7ea4cc021000 rw-p 00000000 00:00 0 
7ea4cc021000-7ea4d0000000 ---p 00000000 00:00 0 
7ea4d0000000-7ea4d0021000 rw-p 00000000 00:00 0 
7ea4d0021000-7ea4d4000000 ---p 00000000 00:00 0 
7ea4d8000000-7ea4d8021000 rw-p 00000000 00:00 0 
7ea4d8021000-7ea4dc000000 ---p 00000000 00:00 0 
7ea4dc000000-7ea4dc021000 rw-p 00000000 00:00 0 
7ea4dc021000-7ea4e0000000 ---p 00000000 00:00 0 
7ea4e4000000-7ea4e4021000 rw-p 00000000 00:00 0 
7ea4e4021000-7ea4e8000000 ---p 00000000 00:00 0 
7ea4e8000000-7ea4e8021000 rw-p 00000000 00:00 0 
7ea4e8021000-7ea4ec000000 ---p 00000000 00:00 0 
7ea4f0000000-7ea4f0021000 rw-p 00000000 00:00 0 
7ea4f0021000-7ea4f4000000 ---p 00000000 00:00 0 
7ea4f4000000-7ea4f4021000 rw-p 00000000 00:00 0 
7ea4f4021000-7ea4f8000000 ---p 00000000 00:00 0 
7ea4fc000000-7ea4fc021000 rw-p 00000000 00:00 0 
7ea4fc021000-7ea500000000 ---p 00000000 00:00 0 
7ea500000000-7ea500021000 rw-p 00000000 00:00 0 
7ea500021000-7ea504000000 ---p 00000000 00:00 0 
7ea508000000-7ea508021000 rw-p 00000000 00:00 0 
7ea508021000-7ea50c000000 ---p 00000000 00:00 0 
7ea50c000000-7ea50c021000 rw-p 00000000 00:00 0 
7ea50c021000-7ea510000000 ---p 00000000 00:00 0 
7ea514000000-7ea514021000 rw-p 00000000 00:00 0 
7ea514021000-7ea518000000 ---p 00000000 00:00 0 
7ea518000000-7ea518021000 rw-p 00000000 00:00 0 
7ea518021000-7ea51c000000 ---p 00000000 00:00 0 
7ea520000000-7ea5210be000 rw-p 00000000 00:00 0 
7ea5210be000-7ea524000000 ---p 00000000 00:00 0 
7ea524000000-7ea524c4d000 rw-p 00000000 00:00 0 
7ea524c4d000-7ea528000000 ---p 00000000 00:00 0 
7ea52c000000-7ea52c0ff000 rw-p 00000000 00:00 0 
7ea52c0ff000-7ea530000000 ---p 00000000 00:00 0 
7ea530000000-7ea530021000 rw-p 00000000 00:00 0 
7ea530021000-7ea534000000 ---p 00000000 00:00 0 
7ea538000000-7ea538021000 rw-p 00000000 00:00 0 
7ea538021000-7ea53c000000 ---p 00000000 00:00 0 
7ea53c000000-7ea53c021000 rw-p 00000000 00:00 0 
7ea53c021000-7ea540000000 ---p 00000000 00:00 0 
7ea544000000-7ea544021000 rw-p 00000000 00:00 0 
7ea544021000-7ea548000000 ---p 00000000 00:00 0 
7ea548000000-7ea548021000 rw-p 00000000 00:00 0 
7ea548021000-7ea54c000000 ---p 00000000 00:00 0 
7ea550000000-7ea550243000 rw-p 00000000 00:00 0 
7ea550243000-7ea554000000 ---p 00000000 00:00 0 
7ea554000000-7ea5558e2000 rw-p 00000000 00:00 0 
7ea5558e2000-7ea558000000 ---p 00000000 00:00 0 
7ea55a000000-7ea55c000000 rw-p 00000000 00:00 0 
7ea55c000000-7ea55c021000 rw-p 00000000 00:00 0 
7ea55c021000-7ea560000000 ---p 00000000 00:00 0 
7ea560000000-7ea560021000 rw-p 00000000 00:00 0 
7ea560021000-7ea564000000 ---p 00000000 00:00 0 
7ea566000000-7ea56623f000 r-xp 00000000 103:02 69439561                  /usr/lib/libnvidia-glcore.so.550.67
7ea56623f000-7ea566260000 rwxp 0023f000 103:02 69439561                  /usr/lib/libnvidia-glcore.so.550.67
7ea566260000-7ea566400000 r-xp 00260000 103:02 69439561                  /usr/lib/libnvidia-glcore.so.550.67
7ea566400000-7ea567000000 r-xp 00400000 103:02 69439561                  /usr/lib/libnvidia-glcore.so.550.67
7ea567000000-7ea567d27000 r-xp 01000000 103:02 69439561                  /usr/lib/libnvidia-glcore.so.550.67
7ea567d27000-7ea567e8b000 r--p 01d26000 103:02 69439561                  /usr/lib/libnvidia-glcore.so.550.67
7ea567e8b000-7ea567ef6000 rw-p 01e8a000 103:02 69439561                  /usr/lib/libnvidia-glcore.so.550.67
7ea567ef6000-7ea567f14000 rw-p 00000000 00:00 0 
7ea568000000-7ea568021000 rw-p 00000000 00:00 0 
7ea568021000-7ea56c000000 ---p 00000000 00:00 0 
7ea56c000000-7ea56c392000 rw-p 00000000 00:00 0 
7ea56c392000-7ea570000000 ---p 00000000 00:00 0 
7ea570a00000-7ea570a01000 ---p 00000000 00:00 0 
7ea570a01000-7ea571201000 rw-p 00000000 00:00 0 
7ea571400000-7ea5715ac000 r--p 00000000 103:02 69439583                  /usr/lib/libnvidia-gpucomp.so.550.67
7ea5715ac000-7ea5734cc000 r-xp 001ac000 103:02 69439583                  /usr/lib/libnvidia-gpucomp.so.550.67
7ea5734cc000-7ea573b71000 r--p 020cc000 103:02 69439583                  /usr/lib/libnvidia-gpucomp.so.550.67
7ea573b71000-7ea573d2b000 r--p 02770000 103:02 69439583                  /usr/lib/libnvidia-gpucomp.so.550.67
7ea573d2b000-7ea573da4000 rw-p 0292a000 103:02 69439583                  /usr/lib/libnvidia-gpucomp.so.550.67
7ea573da4000-7ea573e06000 rw-p 00000000 00:00 0 
7ea574000000-7ea57422c000 rw-p 00000000 00:00 0 
7ea57422c000-7ea578000000 ---p 00000000 00:00 0 
7ea578000000-7ea578021000 rw-p 00000000 00:00 0 
7ea578021000-7ea57c000000 ---p 00000000 00:00 0 
7ea57c200000-7ea57c429000 r--p 00000000 103:02 68427190                  /usr/lib/libnvidia-eglcore.so.550.67
7ea57c429000-7ea57d041000 r-xp 00229000 103:02 68427190                  /usr/lib/libnvidia-eglcore.so.550.67
7ea57d041000-7ea57dd36000 r--p 00e41000 103:02 68427190                  /usr/lib/libnvidia-eglcore.so.550.67
7ea57dd36000-7ea57de98000 r--p 01b35000 103:02 68427190                  /usr/lib/libnvidia-eglcore.so.550.67
7ea57de98000-7ea57def3000 rw-p 01c97000 103:02 68427190                  /usr/lib/libnvidia-eglcore.so.550.67
7ea57def3000-7ea57df09000 rw-p 00000000 00:00 0 
7ea57e000000-7ea580000000 rw-p 00000000 00:00 0 
7ea580000000-7ea580457000 rw-p 00000000 00:00 0 
7ea580457000-7ea584000000 ---p 00000000 00:00 0 
7ea584000000-7ea5857e7000 rw-p 00000000 00:00 0 
7ea5857e7000-7ea588000000 ---p 00000000 00:00 0 
7ea588800000-7ea588801000 ---p 00000000 00:00 0 
7ea588801000-7ea589001000 rw-p 00000000 00:00 0 
7ea589200000-7ea589204000 r-xp 00000000 103:02 68427143                  /usr/lib/libnvidia-egl-gbm.so.1.1.1
7ea589204000-7ea589404000 ---p 00004000 103:02 68427143                  /usr/lib/libnvidia-egl-gbm.so.1.1.1
7ea589404000-7ea589405000 r--p 00004000 103:02 68427143                  /usr/lib/libnvidia-egl-gbm.so.1.1.1
7ea589405000-7ea589406000 rw-p 00005000 103:02 68427143                  /usr/lib/libnvidia-egl-gbm.so.1.1.1
7ea5895bb000-7ea589800000 rw-s 00000000 00:01 1048                       /memfd:/.nvidia_drv.XXXXXX (deleted)
7ea589800000-7ea5898e4000 r-xp 00000000 103:02 67126737                  /usr/lib/libEGL_nvidia.so.550.67
7ea5898e4000-7ea589ae3000 ---p 000e4000 103:02 67126737                  /usr/lib/libEGL_nvidia.so.550.67
7ea589ae3000-7ea589b32000 r--p 000e3000 103:02 67126737                  /usr/lib/libEGL_nvidia.so.550.67
7ea589b32000-7ea589b48000 rw-p 00132000 103:02 67126737                  /usr/lib/libEGL_nvidia.so.550.67
7ea589b48000-7ea589b4d000 rw-p 00000000 00:00 0 
7ea589bbb000-7ea589e00000 rw-s 00000000 00:01 1048                       /memfd:/.nvidia_drv.XXXXXX (deleted)
7ea589e00000-7ea58a28a000 r--p 00000000 103:02 70835649                  /usr/lib/libjavascriptcoregtk-4.0.so.18.24.5
7ea58a28a000-7ea58bdaa000 r-xp 00489000 103:02 70835649                  /usr/lib/libjavascriptcoregtk-4.0.so.18.24.5
7ea58bdaa000-7ea58bdfd000 r--p 01fa8000 103:02 70835649                  /usr/lib/libjavascriptcoregtk-4.0.so.18.24.5
7ea58bdfd000-7ea58be14000 rw-p 01ffa000 103:02 70835649                  /usr/lib/libjavascriptcoregtk-4.0.so.18.24.5
7ea58be14000-7ea58be26000 rw-p 00000000 00:00 0 
7ea58c000000-7ea58c021000 rw-p 00000000 00:00 0 
7ea58c021000-7ea590000000 ---p 00000000 00:00 0 
7ea590000000-7ea590021000 rw-p 00000000 00:00 0 
7ea590021000-7ea594000000 ---p 00000000 00:00 0 
7ea594200000-7ea59424c000 r--p 00000000 103:02 67127385                  /usr/lib/libcrypto.so.3
7ea59424c000-7ea594614000 r-xp 0004c000 103:02 67127385                  /usr/lib/libcrypto.so.3
7ea594614000-7ea5946eb000 r--p 00414000 103:02 67127385                  /usr/lib/libcrypto.so.3
7ea5946eb000-7ea59474b000 r--p 004eb000 103:02 67127385                  /usr/lib/libcrypto.so.3
7ea59474b000-7ea59474e000 rw-p 0054b000 103:02 67127385                  /usr/lib/libcrypto.so.3
7ea59474e000-7ea594751000 rw-p 00000000 00:00 0 
7ea594800000-7ea594803000 r--p 00000000 103:02 70969439                  /usr/lib/libaom.so.3.8.2
7ea594803000-7ea594eba000 r-xp 00003000 103:02 70969439                  /usr/lib/libaom.so.3.8.2
7ea594eba000-7ea594f96000 r--p 006ba000 103:02 70969439                  /usr/lib/libaom.so.3.8.2
7ea594f96000-7ea594fa6000 r--p 00795000 103:02 70969439                  /usr/lib/libaom.so.3.8.2
7ea594fa6000-7ea594fab000 rw-p 007a5000 103:02 70969439                  /usr/lib/libaom.so.3.8.2
7ea594fab000-7ea594ff7000 rw-p 00000000 00:00 0 
7ea595000000-7ea595024000 r--p 00000000 103:02 69613954                  /usr/lib/librav1e.so.0.7.1
7ea595024000-7ea59528f000 r-xp 00024000 103:02 69613954                  /usr/lib/librav1e.so.0.7.1
7ea59528f000-7ea595300000 r--p 0028f000 103:02 69613954                  /usr/lib/librav1e.so.0.7.1
7ea595300000-7ea595323000 r--p 00300000 103:02 69613954                  /usr/lib/librav1e.so.0.7.1
7ea595323000-7ea595324000 rw-p 00323000 103:02 69613954                  /usr/lib/librav1e.so.0.7.1
7ea595400000-7ea595404000 r--p 00000000 103:02 68498629                  /usr/lib/libjxl.so.0.10.2
7ea595404000-7ea595647000 r-xp 00004000 103:02 68498629                  /usr/lib/libjxl.so.0.10.2
7ea595647000-7ea595683000 r--p 00247000 103:02 68498629                  /usr/lib/libjxl.so.0.10.2
7ea595683000-7ea595689000 r--p 00283000 103:02 68498629                  /usr/lib/libjxl.so.0.10.2
7ea595689000-7ea59568a000 rw-p 00289000 103:02 68498629                  /usr/lib/libjxl.so.0.10.2
7ea59568a000-7ea59568c000 rw-p 00000000 00:00 0 
7ea595800000-7ea595809000 r-xp 00000000 00:2a 12726678                   /home/marlonsc/.eclipse/1591715926_linux_gtk_x86_64/configuration/org.eclipse.osgi/392/0/.cp/libswt-webkit-gtk-4940r23.so
7ea595809000-7ea595a09000 ---p 00009000 00:2a 12726678                   /home/marlonsc/.eclipse/1591715926_linux_gtk_x86_64/configuration/org.eclipse.osgi/392/0/.cp/libswt-webkit-gtk-4940r23.so
7ea595a09000-7ea595a0a000 r--p 00009000 00:2a 12726678                   /home/marlonsc/.eclipse/1591715926_linux_gtk_x86_64/configuration/org.eclipse.osgi/392/0/.cp/libswt-webkit-gtk-4940r23.so
7ea595a0a000-7ea595a0b000 rw-p 0000a000 00:2a 12726678                   /home/marlonsc/.eclipse/1591715926_linux_gtk_x86_64/configuration/org.eclipse.osgi/392/0/.cp/libswt-webkit-gtk-4940r23.so
7ea595a17000-7ea595a18000 r--p 00000000 103:02 70269494                  /usr/lib/libnvidia-tls.so.550.67
7ea595a18000-7ea595a1a000 r-xp 00001000 103:02 70269494                  /usr/lib/libnvidia-tls.so.550.67
7ea595a1a000-7ea595a1b000 r--p 00003000 103:02 70269494                  /usr/lib/libnvidia-tls.so.550.67
7ea595a1b000-7ea595a1c000 r--p 00003000 103:02 70269494                  /usr/lib/libnvidia-tls.so.550.67
7ea595a1c000-7ea595a1d000 rw-p 00004000 103:02 70269494                  /usr/lib/libnvidia-tls.so.550.67
7ea595a1d000-7ea595a6e000 r--p 00000000 103:02 67127324                  /usr/lib/libGLX_nvidia.so.550.67
7ea595a6e000-7ea595ac9000 r-xp 00051000 103:02 67127324                  /usr/lib/libGLX_nvidia.so.550.67
7ea595ac9000-7ea595afe000 rwxp 000ac000 103:02 67127324                  /usr/lib/libGLX_nvidia.so.550.67
7ea595afe000-7ea595aff000 r-xp 000e1000 103:02 67127324                  /usr/lib/libGLX_nvidia.so.550.67
7ea595aff000-7ea595b1f000 r--p 000e2000 103:02 67127324                  /usr/lib/libGLX_nvidia.so.550.67
7ea595b1f000-7ea595b3f000 r--p 00101000 103:02 67127324                  /usr/lib/libGLX_nvidia.so.550.67
7ea595b3f000-7ea595b44000 rw-p 00121000 103:02 67127324                  /usr/lib/libGLX_nvidia.so.550.67
7ea595b44000-7ea595b46000 rw-p 00000000 00:00 0 
7ea595b46000-7ea595b75000 r--p 00000000 103:02 67125687                  /usr/lib/libGL.so.1.7.0
7ea595b75000-7ea595b94000 r-xp 0002f000 103:02 67125687                  /usr/lib/libGL.so.1.7.0
7ea595b94000-7ea595ba9000 r--p 0004e000 103:02 67125687                  /usr/lib/libGL.so.1.7.0
7ea595ba9000-7ea595bb7000 r--p 00062000 103:02 67125687                  /usr/lib/libGL.so.1.7.0
7ea595bb7000-7ea595bb8000 rw-p 00070000 103:02 67125687                  /usr/lib/libGL.so.1.7.0
7ea595bb8000-7ea595bb9000 rw-p 00000000 00:00 0 
7ea595bb9000-7ea595bc5000 r--p 00000000 103:02 67128050                  /usr/lib/libxcb-glx.so.0.0.0
7ea595bc5000-7ea595bd0000 r-xp 0000c000 103:02 67128050                  /usr/lib/libxcb-glx.so.0.0.0
7ea595bd0000-7ea595bd5000 r--p 00017000 103:02 67128050                  /usr/lib/libxcb-glx.so.0.0.0
7ea595bd5000-7ea595bd7000 r--p 0001c000 103:02 67128050                  /usr/lib/libxcb-glx.so.0.0.0
7ea595bd7000-7ea595bd8000 rw-p 0001e000 103:02 67128050                  /usr/lib/libxcb-glx.so.0.0.0
7ea595bd8000-7ea595bdb000 r--p 00000000 103:02 70633885                  /usr/lib/libxcb-sync.so.1.0.0
7ea595bdb000-7ea595bde000 r-xp 00003000 103:02 70633885                  /usr/lib/libxcb-sync.so.1.0.0
7ea595bde000-7ea595bdf000 r--p 00006000 103:02 70633885                  /usr/lib/libxcb-sync.so.1.0.0
7ea595bdf000-7ea595be0000 r--p 00007000 103:02 70633885                  /usr/lib/libxcb-sync.so.1.0.0
7ea595be0000-7ea595be1000 rw-p 00008000 103:02 70633885                  /usr/lib/libxcb-sync.so.1.0.0
7ea595be1000-7ea595be2000 r--p 00000000 103:02 68021679                  /usr/lib/libglapi.so.0.0.0
7ea595be2000-7ea595bf0000 r-xp 00001000 103:02 68021679                  /usr/lib/libglapi.so.0.0.0
7ea595bf0000-7ea595c04000 r--p 0000f000 103:02 68021679                  /usr/lib/libglapi.so.0.0.0
7ea595c04000-7ea595c08000 r--p 00023000 103:02 68021679                  /usr/lib/libglapi.so.0.0.0
7ea595c08000-7ea595c09000 rw-p 00027000 103:02 68021679                  /usr/lib/libglapi.so.0.0.0
7ea595c09000-7ea595c0f000 r--p 00000000 103:02 67719458                  /usr/lib/libEGL_mesa.so.0.0.0
7ea595c0f000-7ea595c42000 r-xp 00006000 103:02 67719458                  /usr/lib/libEGL_mesa.so.0.0.0
7ea595c42000-7ea595c53000 r--p 00039000 103:02 67719458                  /usr/lib/libEGL_mesa.so.0.0.0
7ea595c53000-7ea595c57000 r--p 00049000 103:02 67719458                  /usr/lib/libEGL_mesa.so.0.0.0
7ea595c57000-7ea595c58000 rw-p 0004d000 103:02 67719458                  /usr/lib/libEGL_mesa.so.0.0.0
7ea595c58000-7ea595c67000 r--p 00000000 103:02 69439568                  /usr/lib/libnvidia-glsi.so.550.67
7ea595c67000-7ea595cc4000 r-xp 0000f000 103:02 69439568                  /usr/lib/libnvidia-glsi.so.550.67
7ea595cc4000-7ea595ce0000 r--p 0006c000 103:02 69439568                  /usr/lib/libnvidia-glsi.so.550.67
7ea595ce0000-7ea595ce6000 r--p 00087000 103:02 69439568                  /usr/lib/libnvidia-glsi.so.550.67
7ea595ce6000-7ea595ce7000 rw-p 0008d000 103:02 69439568                  /usr/lib/libnvidia-glsi.so.550.67
7ea595ce7000-7ea595cef000 rw-p 00000000 00:00 0 
7ea595cef000-7ea595cf9000 r--p 00000000 103:02 67127787                  /usr/lib/libtss2-sys.so.1.0.1
7ea595cf9000-7ea595d0c000 r-xp 0000a000 103:02 67127787                  /usr/lib/libtss2-sys.so.1.0.1
7ea595d0c000-7ea595d14000 r--p 0001d000 103:02 67127787                  /usr/lib/libtss2-sys.so.1.0.1
7ea595d14000-7ea595d15000 r--p 00025000 103:02 67127787                  /usr/lib/libtss2-sys.so.1.0.1
7ea595d15000-7ea595d16000 rw-p 00026000 103:02 67127787                  /usr/lib/libtss2-sys.so.1.0.1
7ea595d16000-7ea595d27000 r--p 00000000 103:02 67642711                  /usr/lib/libkrb5.so.3.3
7ea595d27000-7ea595db2000 r-xp 00011000 103:02 67642711                  /usr/lib/libkrb5.so.3.3
7ea595db2000-7ea595df0000 r--p 0009c000 103:02 67642711                  /usr/lib/libkrb5.so.3.3
7ea595df0000-7ea595dfe000 r--p 000d9000 103:02 67642711                  /usr/lib/libkrb5.so.3.3
7ea595dfe000-7ea595e00000 rw-p 000e7000 103:02 67642711                  /usr/lib/libkrb5.so.3.3
7ea595e00000-7ea596600000 rw-s 00000000 00:01 524314                     /SYSV00000000 (deleted)
7ea596600000-7ea596601000 ---p 00000000 00:00 0 
7ea596601000-7ea596e01000 rw-p 00000000 00:00 0 
7ea596e02000-7ea596e03000 r--p 00000000 103:02 71438875                  /usr/lib/libxshmfence.so.1.0.0
7ea596e03000-7ea596e04000 r-xp 00001000 103:02 71438875                  /usr/lib/libxshmfence.so.1.0.0
7ea596e04000-7ea596e05000 r--p 00002000 103:02 71438875                  /usr/lib/libxshmfence.so.1.0.0
7ea596e05000-7ea596e06000 r--p 00002000 103:02 71438875                  /usr/lib/libxshmfence.so.1.0.0
7ea596e06000-7ea596e07000 rw-p 00003000 103:02 71438875                  /usr/lib/libxshmfence.so.1.0.0
7ea596e07000-7ea596e08000 r--p 00000000 103:02 67128057                  /usr/lib/libxcb-present.so.0.0.0
7ea596e08000-7ea596e09000 r-xp 00001000 103:02 67128057                  /usr/lib/libxcb-present.so.0.0.0
7ea596e09000-7ea596e0a000 r--p 00002000 103:02 67128057                  /usr/lib/libxcb-present.so.0.0.0
7ea596e0a000-7ea596e0b000 r--p 00002000 103:02 67128057                  /usr/lib/libxcb-present.so.0.0.0
7ea596e0b000-7ea596e0c000 rw-p 00003000 103:02 67128057                  /usr/lib/libxcb-present.so.0.0.0
7ea596e0c000-7ea596e0e000 r--p 00000000 103:02 67128044                  /usr/lib/libxcb-dri3.so.0.1.0
7ea596e0e000-7ea596e10000 r-xp 00002000 103:02 67128044                  /usr/lib/libxcb-dri3.so.0.1.0
7ea596e10000-7ea596e11000 r--p 00004000 103:02 67128044                  /usr/lib/libxcb-dri3.so.0.1.0
7ea596e11000-7ea596e12000 r--p 00004000 103:02 67128044                  /usr/lib/libxcb-dri3.so.0.1.0
7ea596e12000-7ea596e13000 rw-p 00005000 103:02 67128044                  /usr/lib/libxcb-dri3.so.0.1.0
7ea596e13000-7ea596e16000 r--p 00000000 103:02 67126816                  /usr/lib/libk5crypto.so.3.1
7ea596e16000-7ea596e37000 r-xp 00003000 103:02 67126816                  /usr/lib/libk5crypto.so.3.1
7ea596e37000-7ea596e43000 r--p 00024000 103:02 67126816                  /usr/lib/libk5crypto.so.3.1
7ea596e43000-7ea596e45000 r--p 0002f000 103:02 67126816                  /usr/lib/libk5crypto.so.3.1
7ea596e45000-7ea596e46000 rw-p 00031000 103:02 67126816                  /usr/lib/libk5crypto.so.3.1
7ea596e46000-7ea596e55000 r--p 00000000 103:02 69933043                  /usr/lib/libunistring.so.5.1.0
7ea596e55000-7ea596e97000 r-xp 0000f000 103:02 69933043                  /usr/lib/libunistring.so.5.1.0
7ea596e97000-7ea596ffb000 r--p 00051000 103:02 69933043                  /usr/lib/libunistring.so.5.1.0
7ea596ffb000-7ea596fff000 r--p 001b5000 103:02 69933043                  /usr/lib/libunistring.so.5.1.0
7ea596fff000-7ea597000000 rw-p 001b9000 103:02 69933043                  /usr/lib/libunistring.so.5.1.0
7ea597000000-7ea597001000 ---p 00000000 00:00 0 
7ea597001000-7ea597801000 rw-p 00000000 00:00 0 
7ea597801000-7ea597804000 r--p 00000000 103:02 70633900                  /usr/lib/libxcb-xfixes.so.0.0.0
7ea597804000-7ea597807000 r-xp 00003000 103:02 70633900                  /usr/lib/libxcb-xfixes.so.0.0.0
7ea597807000-7ea597808000 r--p 00006000 103:02 70633900                  /usr/lib/libxcb-xfixes.so.0.0.0
7ea597808000-7ea597809000 r--p 00007000 103:02 70633900                  /usr/lib/libxcb-xfixes.so.0.0.0
7ea597809000-7ea59780a000 rw-p 00008000 103:02 70633900                  /usr/lib/libxcb-xfixes.so.0.0.0
7ea59780a000-7ea59780e000 r--p 00000000 103:02 69381328                  /usr/lib/libnvidia-egl-wayland.so.1.1.13
7ea59780e000-7ea597818000 r-xp 00004000 103:02 69381328                  /usr/lib/libnvidia-egl-wayland.so.1.1.13
7ea597818000-7ea59781b000 r--p 0000e000 103:02 69381328                  /usr/lib/libnvidia-egl-wayland.so.1.1.13
7ea59781b000-7ea59781c000 r--p 00011000 103:02 69381328                  /usr/lib/libnvidia-egl-wayland.so.1.1.13
7ea59781c000-7ea59781d000 rw-p 00012000 103:02 69381328                  /usr/lib/libnvidia-egl-wayland.so.1.1.13
7ea59781d000-7ea597822000 r--p 00000000 103:02 70633858                  /usr/lib/libudev.so.1.7.8
7ea597822000-7ea597845000 r-xp 00005000 103:02 70633858                  /usr/lib/libudev.so.1.7.8
7ea597845000-7ea597852000 r--p 00028000 103:02 70633858                  /usr/lib/libudev.so.1.7.8
7ea597852000-7ea597853000 r--p 00035000 103:02 70633858                  /usr/lib/libudev.so.1.7.8
7ea597853000-7ea597854000 rw-p 00036000 103:02 70633858                  /usr/lib/libudev.so.1.7.8
7ea597854000-7ea597856000 r--p 00000000 103:02 67719431                  /usr/lib/libGLdispatch.so.0.0.0
7ea597856000-7ea597895000 r-xp 00002000 103:02 67719431                  /usr/lib/libGLdispatch.so.0.0.0
7ea597895000-7ea5978a8000 r--p 00041000 103:02 67719431                  /usr/lib/libGLdispatch.so.0.0.0
7ea5978a8000-7ea5978c4000 r--p 00054000 103:02 67719431                  /usr/lib/libGLdispatch.so.0.0.0
7ea5978c4000-7ea5978c5000 rw-p 00070000 103:02 67719431                  /usr/lib/libGLdispatch.so.0.0.0
7ea5978c5000-7ea5978cd000 rw-p 00000000 00:00 0 
7ea5978cd000-7ea5978e5000 r--p 00000000 103:02 71718781                  /usr/lib/libyuv.so
7ea5978e5000-7ea5979e0000 r-xp 00018000 103:02 71718781                  /usr/lib/libyuv.so
7ea5979e0000-7ea5979fc000 r--p 00113000 103:02 71718781                  /usr/lib/libyuv.so
7ea5979fc000-7ea5979ff000 r--p 0012e000 103:02 71718781                  /usr/lib/libyuv.so
7ea5979ff000-7ea597a00000 rw-p 00131000 103:02 71718781                  /usr/lib/libyuv.so
7ea597a00000-7ea597a09000 r--p 00000000 103:02 71139269                  /usr/lib/librsvg-2.so.2.50.0
7ea597a09000-7ea597d61000 r-xp 00009000 103:02 71139269                  /usr/lib/librsvg-2.so.2.50.0
7ea597d61000-7ea597ecc000 r--p 00361000 103:02 71139269                  /usr/lib/librsvg-2.so.2.50.0
7ea597ecc000-7ea597f4d000 r--p 004cc000 103:02 71139269                  /usr/lib/librsvg-2.so.2.50.0
7ea597f4d000-7ea597f4e000 rw-p 0054d000 103:02 71139269                  /usr/lib/librsvg-2.so.2.50.0
7ea597f50000-7ea597f52000 r--p 00000000 103:02 67128036                  /usr/lib/libxcb-dri2.so.0.0.0
7ea597f52000-7ea597f54000 r-xp 00002000 103:02 67128036                  /usr/lib/libxcb-dri2.so.0.0.0
7ea597f54000-7ea597f55000 r--p 00004000 103:02 67128036                  /usr/lib/libxcb-dri2.so.0.0.0
7ea597f55000-7ea597f56000 r--p 00004000 103:02 67128036                  /usr/lib/libxcb-dri2.so.0.0.0
7ea597f56000-7ea597f57000 rw-p 00005000 103:02 67128036                  /usr/lib/libxcb-dri2.so.0.0.0
7ea597f57000-7ea597f58000 r--p 00000000 103:02 70634559                  /usr/lib/librt.so.1
7ea597f58000-7ea597f59000 r-xp 00001000 103:02 70634559                  /usr/lib/librt.so.1
7ea597f59000-7ea597f5a000 r--p 00002000 103:02 70634559                  /usr/lib/librt.so.1
7ea597f5a000-7ea597f5b000 r--p 00002000 103:02 70634559                  /usr/lib/librt.so.1
7ea597f5b000-7ea597f5c000 rw-p 00003000 103:02 70634559                  /usr/lib/librt.so.1
7ea597f5c000-7ea597f6c000 r--p 00000000 103:02 67127769                  /usr/lib/libtss2-esys.so.0.0.1
7ea597f6c000-7ea597fd5000 r-xp 00010000 103:02 67127769                  /usr/lib/libtss2-esys.so.0.0.1
7ea597fd5000-7ea597ffd000 r--p 00079000 103:02 67127769                  /usr/lib/libtss2-esys.so.0.0.1
7ea597ffd000-7ea597fff000 r--p 000a0000 103:02 67127769                  /usr/lib/libtss2-esys.so.0.0.1
7ea597fff000-7ea598000000 rw-p 000a2000 103:02 67127769                  /usr/lib/libtss2-esys.so.0.0.1
7ea598000000-7ea598021000 rw-p 00000000 00:00 0 
7ea598021000-7ea59c000000 ---p 00000000 00:00 0 
7ea59c000000-7ea59c021000 rw-p 00000000 00:00 0 
7ea59c021000-7ea5a0000000 ---p 00000000 00:00 0 
7ea5a0001000-7ea5a0004000 r--p 00000000 103:02 70634557                  /usr/lib/libresolv.so.2
7ea5a0004000-7ea5a000d000 r-xp 00003000 103:02 70634557                  /usr/lib/libresolv.so.2
7ea5a000d000-7ea5a000f000 r--p 0000c000 103:02 70634557                  /usr/lib/libresolv.so.2
7ea5a000f000-7ea5a0010000 r--p 0000e000 103:02 70634557                  /usr/lib/libresolv.so.2
7ea5a0010000-7ea5a0011000 rw-p 0000f000 103:02 70634557                  /usr/lib/libresolv.so.2
7ea5a0011000-7ea5a0013000 rw-p 00000000 00:00 0 
7ea5a0013000-7ea5a0015000 r--p 00000000 103:02 68183002                  /usr/lib/libkeyutils.so.1.10
7ea5a0015000-7ea5a0017000 r-xp 00002000 103:02 68183002                  /usr/lib/libkeyutils.so.1.10
7ea5a0017000-7ea5a0018000 r--p 00004000 103:02 68183002                  /usr/lib/libkeyutils.so.1.10
7ea5a0018000-7ea5a0019000 r--p 00004000 103:02 68183002                  /usr/lib/libkeyutils.so.1.10
7ea5a0019000-7ea5a001a000 rw-p 00005000 103:02 68183002                  /usr/lib/libkeyutils.so.1.10
7ea5a001a000-7ea5a001d000 r--p 00000000 103:02 67716455                  /usr/lib/libkrb5support.so.0.1
7ea5a001d000-7ea5a0024000 r-xp 00003000 103:02 67716455                  /usr/lib/libkrb5support.so.0.1
7ea5a0024000-7ea5a0026000 r--p 0000a000 103:02 67716455                  /usr/lib/libkrb5support.so.0.1
7ea5a0026000-7ea5a0027000 r--p 0000c000 103:02 67716455                  /usr/lib/libkrb5support.so.0.1
7ea5a0027000-7ea5a0028000 rw-p 0000d000 103:02 67716455                  /usr/lib/libkrb5support.so.0.1
7ea5a0028000-7ea5a002a000 r--p 00000000 103:02 69648807                  /usr/lib/libdav1d.so.7.0.0
7ea5a002a000-7ea5a0199000 r-xp 00002000 103:02 69648807                  /usr/lib/libdav1d.so.7.0.0
7ea5a0199000-7ea5a01c4000 r--p 00171000 103:02 69648807                  /usr/lib/libdav1d.so.7.0.0
7ea5a01c4000-7ea5a01c7000 r--p 0019c000 103:02 69648807                  /usr/lib/libdav1d.so.7.0.0
7ea5a01c7000-7ea5a01c8000 rw-p 0019f000 103:02 69648807                  /usr/lib/libdav1d.so.7.0.0
7ea5a01c8000-7ea5a0200000 rw-p 00000000 00:00 0 
7ea5a0200000-7ea5a02c8000 r--p 00000000 103:02 67123658                  /usr/lib/libicui18n.so.74.2
7ea5a02c8000-7ea5a04c4000 r-xp 000c8000 103:02 67123658                  /usr/lib/libicui18n.so.74.2
7ea5a04c4000-7ea5a0559000 r--p 002c4000 103:02 67123658                  /usr/lib/libicui18n.so.74.2
7ea5a0559000-7ea5a056b000 r--p 00358000 103:02 67123658                  /usr/lib/libicui18n.so.74.2
7ea5a056b000-7ea5a056c000 rw-p 0036a000 103:02 67123658                  /usr/lib/libicui18n.so.74.2
7ea5a056c000-7ea5a056d000 rw-p 00000000 00:00 0 
7ea5a056d000-7ea5a056f000 r--p 00000000 103:02 72303280                  /usr/lib/libidn2.so.0.4.0
7ea5a056f000-7ea5a0573000 r-xp 00002000 103:02 72303280                  /usr/lib/libidn2.so.0.4.0
7ea5a0573000-7ea5a058d000 r--p 00006000 103:02 72303280                  /usr/lib/libidn2.so.0.4.0
7ea5a058d000-7ea5a058e000 r--p 0001f000 103:02 72303280                  /usr/lib/libidn2.so.0.4.0
7ea5a058e000-7ea5a058f000 rw-p 00020000 103:02 72303280                  /usr/lib/libidn2.so.0.4.0
7ea5a058f000-7ea5a0592000 r--p 00000000 103:02 70526660                  /usr/lib/libelf-0.191.so
7ea5a0592000-7ea5a05aa000 r-xp 00003000 103:02 70526660                  /usr/lib/libelf-0.191.so
7ea5a05aa000-7ea5a05ae000 r--p 0001b000 103:02 70526660                  /usr/lib/libelf-0.191.so
7ea5a05ae000-7ea5a05af000 r--p 0001f000 103:02 70526660                  /usr/lib/libelf-0.191.so
7ea5a05af000-7ea5a05b0000 rw-p 00020000 103:02 70526660                  /usr/lib/libelf-0.191.so
7ea5a05b0000-7ea5a05b7000 r--p 00000000 103:02 67127776                  /usr/lib/libtss2-mu.so.0.0.1
7ea5a05b7000-7ea5a05e6000 r-xp 00007000 103:02 67127776                  /usr/lib/libtss2-mu.so.0.0.1
7ea5a05e6000-7ea5a05fe000 r--p 00036000 103:02 67127776                  /usr/lib/libtss2-mu.so.0.0.1
7ea5a05fe000-7ea5a05ff000 r--p 0004d000 103:02 67127776                  /usr/lib/libtss2-mu.so.0.0.1
7ea5a05ff000-7ea5a0600000 rw-p 0004e000 103:02 67127776                  /usr/lib/libtss2-mu.so.0.0.1
7ea5a0600000-7ea5a060a000 r-xp 00000000 00:2a 12723818                   /home/marlonsc/.eclipse/1591715926_linux_gtk_x86_64/configuration/org.eclipse.osgi/392/0/.cp/libswt-cairo-gtk-4940r23.so
7ea5a060a000-7ea5a0809000 ---p 0000a000 00:2a 12723818                   /home/marlonsc/.eclipse/1591715926_linux_gtk_x86_64/configuration/org.eclipse.osgi/392/0/.cp/libswt-cairo-gtk-4940r23.so
7ea5a0809000-7ea5a080a000 r--p 00009000 00:2a 12723818                   /home/marlonsc/.eclipse/1591715926_linux_gtk_x86_64/configuration/org.eclipse.osgi/392/0/.cp/libswt-cairo-gtk-4940r23.so
7ea5a080a000-7ea5a080b000 rw-p 0000a000 00:2a 12723818                   /home/marlonsc/.eclipse/1591715926_linux_gtk_x86_64/configuration/org.eclipse.osgi/392/0/.cp/libswt-cairo-gtk-4940r23.so
7ea5a080e000-7ea5a0810000 r--p 00000000 103:02 67126474                  /usr/lib/libcom_err.so.2.1
7ea5a0810000-7ea5a0811000 r-xp 00002000 103:02 67126474                  /usr/lib/libcom_err.so.2.1
7ea5a0811000-7ea5a0812000 r--p 00003000 103:02 67126474                  /usr/lib/libcom_err.so.2.1
7ea5a0812000-7ea5a0813000 r--p 00003000 103:02 67126474                  /usr/lib/libcom_err.so.2.1
7ea5a0813000-7ea5a0814000 rw-p 00004000 103:02 67126474                  /usr/lib/libcom_err.so.2.1
7ea5a0814000-7ea5a081b000 r--p 00000000 103:02 67128061                  /usr/lib/libxcb-randr.so.0.1.0
7ea5a081b000-7ea5a0821000 r-xp 00007000 103:02 67128061                  /usr/lib/libxcb-randr.so.0.1.0
7ea5a0821000-7ea5a0824000 r--p 0000d000 103:02 67128061                  /usr/lib/libxcb-randr.so.0.1.0
7ea5a0824000-7ea5a0825000 r--p 00010000 103:02 67128061                  /usr/lib/libxcb-randr.so.0.1.0
7ea5a0825000-7ea5a0826000 rw-p 00011000 103:02 67128061                  /usr/lib/libxcb-randr.so.0.1.0
7ea5a0826000-7ea5a0832000 r--p 00000000 103:02 73441067                  /usr/lib/libevdev.so.2.3.0
7ea5a0832000-7ea5a0839000 r-xp 0000c000 103:02 73441067                  /usr/lib/libevdev.so.2.3.0
7ea5a0839000-7ea5a083e000 r--p 00013000 103:02 73441067                  /usr/lib/libevdev.so.2.3.0
7ea5a083e000-7ea5a0844000 r--p 00017000 103:02 73441067                  /usr/lib/libevdev.so.2.3.0
7ea5a0844000-7ea5a0845000 rw-p 0001d000 103:02 73441067                  /usr/lib/libevdev.so.2.3.0
7ea5a0845000-7ea5a0847000 r--p 00000000 103:02 73060815                  /usr/lib/libtss2-tctildr.so.0.0.0
7ea5a0847000-7ea5a084b000 r-xp 00002000 103:02 73060815                  /usr/lib/libtss2-tctildr.so.0.0.0
7ea5a084b000-7ea5a084d000 r--p 00006000 103:02 73060815                  /usr/lib/libtss2-tctildr.so.0.0.0
7ea5a084d000-7ea5a084e000 r--p 00008000 103:02 73060815                  /usr/lib/libtss2-tctildr.so.0.0.0
7ea5a084e000-7ea5a084f000 rw-p 00009000 103:02 73060815                  /usr/lib/libtss2-tctildr.so.0.0.0
7ea5a084f000-7ea5a0851000 r--p 00000000 103:02 67127784                  /usr/lib/libtss2-rc.so.0.0.0
7ea5a0851000-7ea5a0852000 r-xp 00002000 103:02 67127784                  /usr/lib/libtss2-rc.so.0.0.0
7ea5a0852000-7ea5a0855000 r--p 00003000 103:02 67127784                  /usr/lib/libtss2-rc.so.0.0.0
7ea5a0855000-7ea5a0856000 r--p 00005000 103:02 67127784                  /usr/lib/libtss2-rc.so.0.0.0
7ea5a0856000-7ea5a0859000 rw-p 00006000 103:02 67127784                  /usr/lib/libtss2-rc.so.0.0.0
7ea5a0859000-7ea5a0862000 r--p 00000000 103:02 67123699                  /usr/lib/libgssapi_krb5.so.2.2
7ea5a0862000-7ea5a08a6000 r-xp 00009000 103:02 67123699                  /usr/lib/libgssapi_krb5.so.2.2
7ea5a08a6000-7ea5a08b1000 r--p 0004d000 103:02 67123699                  /usr/lib/libgssapi_krb5.so.2.2
7ea5a08b1000-7ea5a08b3000 r--p 00058000 103:02 67123699                  /usr/lib/libgssapi_krb5.so.2.2
7ea5a08b3000-7ea5a08b4000 rw-p 0005a000 103:02 67123699                  /usr/lib/libgssapi_krb5.so.2.2
7ea5a08b4000-7ea5a08b6000 r--p 00000000 103:02 67127256                  /usr/lib/libpsl.so.5.3.4
7ea5a08b6000-7ea5a08b8000 r-xp 00002000 103:02 67127256                  /usr/lib/libpsl.so.5.3.4
7ea5a08b8000-7ea5a08c6000 r--p 00004000 103:02 67127256                  /usr/lib/libpsl.so.5.3.4
7ea5a08c6000-7ea5a08c7000 r--p 00011000 103:02 67127256                  /usr/lib/libpsl.so.5.3.4
7ea5a08c7000-7ea5a08c8000 rw-p 00012000 103:02 67127256                  /usr/lib/libpsl.so.5.3.4
7ea5a08c8000-7ea5a08c9000 r--p 00000000 103:02 83393985                  /usr/lib/libbrotlienc.so.1.1.0
7ea5a08c9000-7ea5a092a000 r-xp 00001000 103:02 83393985                  /usr/lib/libbrotlienc.so.1.1.0
7ea5a092a000-7ea5a097a000 r--p 00062000 103:02 83393985                  /usr/lib/libbrotlienc.so.1.1.0
7ea5a097a000-7ea5a097b000 r--p 000b2000 103:02 83393985                  /usr/lib/libbrotlienc.so.1.1.0
7ea5a097b000-7ea5a097c000 rw-p 000b3000 103:02 83393985                  /usr/lib/libbrotlienc.so.1.1.0
7ea5a097c000-7ea5a097e000 r--p 00000000 103:02 71066157                  /usr/lib/libhwy.so.1.1.0
7ea5a097e000-7ea5a0984000 r-xp 00002000 103:02 71066157                  /usr/lib/libhwy.so.1.1.0
7ea5a0984000-7ea5a0986000 r--p 00008000 103:02 71066157                  /usr/lib/libhwy.so.1.1.0
7ea5a0986000-7ea5a0987000 r--p 00009000 103:02 71066157                  /usr/lib/libhwy.so.1.1.0
7ea5a0987000-7ea5a0988000 rw-p 0000a000 103:02 71066157                  /usr/lib/libhwy.so.1.1.0
7ea5a0988000-7ea5a0989000 r--p 00000000 103:02 68749311                  /usr/lib/libjxl_cms.so.0.10.2
7ea5a0989000-7ea5a09b8000 r-xp 00001000 103:02 68749311                  /usr/lib/libjxl_cms.so.0.10.2
7ea5a09b8000-7ea5a09bc000 r--p 00030000 103:02 68749311                  /usr/lib/libjxl_cms.so.0.10.2
7ea5a09bc000-7ea5a09bd000 r--p 00033000 103:02 68749311                  /usr/lib/libjxl_cms.so.0.10.2
7ea5a09bd000-7ea5a09be000 rw-p 00034000 103:02 68749311                  /usr/lib/libjxl_cms.so.0.10.2
7ea5a09be000-7ea5a09bf000 r--p 00000000 103:02 67127633                  /usr/lib/libsharpyuv.so.0.0.1
7ea5a09bf000-7ea5a09d1000 r-xp 00001000 103:02 67127633                  /usr/lib/libsharpyuv.so.0.0.1
7ea5a09d1000-7ea5a09d2000 r--p 00013000 103:02 67127633                  /usr/lib/libsharpyuv.so.0.0.1
7ea5a09d2000-7ea5a09d3000 r--p 00013000 103:02 67127633                  /usr/lib/libsharpyuv.so.0.0.1
7ea5a09d3000-7ea5a09d4000 rw-p 00014000 103:02 67127633                  /usr/lib/libsharpyuv.so.0.0.1
7ea5a09d4000-7ea5a09d5000 rw-p 00000000 00:00 0 
7ea5a09d5000-7ea5a09d7000 r--p 00000000 103:02 67240081                  /usr/lib/libGLX.so.0.0.0
7ea5a09d7000-7ea5a09f2000 r-xp 00002000 103:02 67240081                  /usr/lib/libGLX.so.0.0.0
7ea5a09f2000-7ea5a09f5000 r--p 0001d000 103:02 67240081                  /usr/lib/libGLX.so.0.0.0
7ea5a09f5000-7ea5a09f6000 r--p 00020000 103:02 67240081                  /usr/lib/libGLX.so.0.0.0
7ea5a09f6000-7ea5a09f7000 rw-p 00021000 103:02 67240081                  /usr/lib/libGLX.so.0.0.0
7ea5a09f7000-7ea5a0a07000 rw-p 00000000 00:00 0 
7ea5a0a07000-7ea5a0a0d000 r--p 00000000 103:02 71353343                  /usr/lib/liborc-0.4.so.0.38.0
7ea5a0a0d000-7ea5a0ac9000 r-xp 00006000 103:02 71353343                  /usr/lib/liborc-0.4.so.0.38.0
7ea5a0ac9000-7ea5a0af7000 r--p 000c2000 103:02 71353343                  /usr/lib/liborc-0.4.so.0.38.0
7ea5a0af7000-7ea5a0afa000 r--p 000ef000 103:02 71353343                  /usr/lib/liborc-0.4.so.0.38.0
7ea5a0afa000-7ea5a0afe000 rw-p 000f2000 103:02 71353343                  /usr/lib/liborc-0.4.so.0.38.0
7ea5a0afe000-7ea5a0b06000 r--p 00000000 103:02 69760371                  /usr/lib/libdw-0.191.so
7ea5a0b06000-7ea5a0b74000 r-xp 00008000 103:02 69760371                  /usr/lib/libdw-0.191.so
7ea5a0b74000-7ea5a0ba0000 r--p 00076000 103:02 69760371                  /usr/lib/libdw-0.191.so
7ea5a0ba0000-7ea5a0ba9000 r--p 000a1000 103:02 69760371                  /usr/lib/libdw-0.191.so
7ea5a0ba9000-7ea5a0baa000 rw-p 000aa000 103:02 69760371                  /usr/lib/libdw-0.191.so
7ea5a0baa000-7ea5a0bac000 r--p 00000000 103:02 69566916                  /usr/lib/libunwind.so.8.1.0
7ea5a0bac000-7ea5a0bb6000 r-xp 00002000 103:02 69566916                  /usr/lib/libunwind.so.8.1.0
7ea5a0bb6000-7ea5a0bb8000 r--p 0000c000 103:02 69566916                  /usr/lib/libunwind.so.8.1.0
7ea5a0bb8000-7ea5a0bb9000 r--p 0000e000 103:02 69566916                  /usr/lib/libunwind.so.8.1.0
7ea5a0bb9000-7ea5a0bba000 rw-p 0000f000 103:02 69566916                  /usr/lib/libunwind.so.8.1.0
7ea5a0bba000-7ea5a0bc4000 rw-p 00000000 00:00 0 
7ea5a0bc4000-7ea5a0bc9000 r--p 00000000 103:02 67126398                  /usr/lib/libdrm.so.2.4.0
7ea5a0bc9000-7ea5a0bd7000 r-xp 00005000 103:02 67126398                  /usr/lib/libdrm.so.2.4.0
7ea5a0bd7000-7ea5a0bdb000 r--p 00013000 103:02 67126398                  /usr/lib/libdrm.so.2.4.0
7ea5a0bdb000-7ea5a0bdc000 r--p 00017000 103:02 67126398                  /usr/lib/libdrm.so.2.4.0
7ea5a0bdc000-7ea5a0bdd000 rw-p 00018000 103:02 67126398                  /usr/lib/libdrm.so.2.4.0
7ea5a0bdd000-7ea5a0bdf000 r--p 00000000 103:02 71167576                  /usr/lib/libseccomp.so.2.5.5
7ea5a0bdf000-7ea5a0bf0000 r-xp 00002000 103:02 71167576                  /usr/lib/libseccomp.so.2.5.5
7ea5a0bf0000-7ea5a0bfe000 r--p 00013000 103:02 71167576                  /usr/lib/libseccomp.so.2.5.5
7ea5a0bfe000-7ea5a0bff000 r--p 00020000 103:02 71167576                  /usr/lib/libseccomp.so.2.5.5
7ea5a0bff000-7ea5a0c00000 rw-p 00021000 103:02 71167576                  /usr/lib/libseccomp.so.2.5.5
7ea5a0c00000-7ea5a0c71000 r-xp 00000000 00:2a 12726292                   /home/marlonsc/.eclipse/1591715926_linux_gtk_x86_64/configuration/org.eclipse.osgi/392/0/.cp/libswt-pi3-gtk-4940r23.so
7ea5a0c71000-7ea5a0e70000 ---p 00071000 00:2a 12726292                   /home/marlonsc/.eclipse/1591715926_linux_gtk_x86_64/configuration/org.eclipse.osgi/392/0/.cp/libswt-pi3-gtk-4940r23.so
7ea5a0e70000-7ea5a0e71000 r--p 00070000 00:2a 12726292                   /home/marlonsc/.eclipse/1591715926_linux_gtk_x86_64/configuration/org.eclipse.osgi/392/0/.cp/libswt-pi3-gtk-4940r23.so
7ea5a0e71000-7ea5a0e74000 rw-p 00071000 00:2a 12726292                   /home/marlonsc/.eclipse/1591715926_linux_gtk_x86_64/configuration/org.eclipse.osgi/392/0/.cp/libswt-pi3-gtk-4940r23.so
7ea5a0e74000-7ea5a0e75000 rw-p 00000000 00:00 0 
7ea5a0e76000-7ea5a0e78000 r--p 00000000 103:02 67125679                  /usr/lib/libEGL.so.1.1.0
7ea5a0e78000-7ea5a0e82000 r-xp 00002000 103:02 67125679                  /usr/lib/libEGL.so.1.1.0
7ea5a0e82000-7ea5a0e86000 r--p 0000c000 103:02 67125679                  /usr/lib/libEGL.so.1.1.0
7ea5a0e86000-7ea5a0e87000 r--p 0000f000 103:02 67125679                  /usr/lib/libEGL.so.1.1.0
7ea5a0e87000-7ea5a0e88000 rw-p 00010000 103:02 67125679                  /usr/lib/libEGL.so.1.1.0
7ea5a0e88000-7ea5a0e8c000 r--p 00000000 103:02 68473467                  /usr/lib/libmanette-0.2.so.0
7ea5a0e8c000-7ea5a0e92000 r-xp 00004000 103:02 68473467                  /usr/lib/libmanette-0.2.so.0
7ea5a0e92000-7ea5a0eb6000 r--p 0000a000 103:02 68473467                  /usr/lib/libmanette-0.2.so.0
7ea5a0eb6000-7ea5a0eb7000 r--p 0002e000 103:02 68473467                  /usr/lib/libmanette-0.2.so.0
7ea5a0eb7000-7ea5a0eb8000 rw-p 0002f000 103:02 68473467                  /usr/lib/libmanette-0.2.so.0
7ea5a0eb8000-7ea5a0ebf000 r--p 00000000 103:02 73441366                  /usr/lib/libwayland-server.so.0.22.0
7ea5a0ebf000-7ea5a0ec8000 r-xp 00007000 103:02 73441366                  /usr/lib/libwayland-server.so.0.22.0
7ea5a0ec8000-7ea5a0ecc000 r--p 00010000 103:02 73441366                  /usr/lib/libwayland-server.so.0.22.0
7ea5a0ecc000-7ea5a0ece000 r--p 00013000 103:02 73441366                  /usr/lib/libwayland-server.so.0.22.0
7ea5a0ece000-7ea5a0ecf000 rw-p 00015000 103:02 73441366                  /usr/lib/libwayland-server.so.0.22.0
7ea5a0ecf000-7ea5a0ee1000 r--p 00000000 103:02 68880932                  /usr/lib/libsecret-1.so.0.0.0
7ea5a0ee1000-7ea5a0f14000 r-xp 00012000 103:02 68880932                  /usr/lib/libsecret-1.so.0.0.0
7ea5a0f14000-7ea5a0f2b000 r--p 00045000 103:02 68880932                  /usr/lib/libsecret-1.so.0.0.0
7ea5a0f2b000-7ea5a0f2f000 r--p 0005c000 103:02 68880932                  /usr/lib/libsecret-1.so.0.0.0
7ea5a0f2f000-7ea5a0f30000 rw-p 00060000 103:02 68880932                  /usr/lib/libsecret-1.so.0.0.0
7ea5a0f30000-7ea5a0f4d000 r--p 00000000 103:02 67121598                  /usr/lib/libsoup-2.4.so.1.11.2
7ea5a0f4d000-7ea5a0faa000 r-xp 0001d000 103:02 67121598                  /usr/lib/libsoup-2.4.so.1.11.2
7ea5a0faa000-7ea5a0fd1000 r--p 0007a000 103:02 67121598                  /usr/lib/libsoup-2.4.so.1.11.2
7ea5a0fd1000-7ea5a0fd6000 r--p 000a1000 103:02 67121598                  /usr/lib/libsoup-2.4.so.1.11.2
7ea5a0fd6000-7ea5a0fd7000 rw-p 000a6000 103:02 67121598                  /usr/lib/libsoup-2.4.so.1.11.2
7ea5a0fd7000-7ea5a0fda000 r--p 00000000 103:02 67127922                  /usr/lib/libwebp.so.7.1.8
7ea5a0fda000-7ea5a1091000 r-xp 00003000 103:02 67127922                  /usr/lib/libwebp.so.7.1.8
7ea5a1091000-7ea5a10a2000 r--p 000ba000 103:02 67127922                  /usr/lib/libwebp.so.7.1.8
7ea5a10a2000-7ea5a10a3000 r--p 000ca000 103:02 67127922                  /usr/lib/libwebp.so.7.1.8
7ea5a10a3000-7ea5a10a4000 rw-p 000cb000 103:02 67127922                  /usr/lib/libwebp.so.7.1.8
7ea5a10a4000-7ea5a10a5000 rw-p 00000000 00:00 0 
7ea5a10a5000-7ea5a10b8000 r--p 00000000 103:02 71175668                  /usr/lib/libgstgl-1.0.so.0.2401.0
7ea5a10b8000-7ea5a1103000 r-xp 00013000 103:02 71175668                  /usr/lib/libgstgl-1.0.so.0.2401.0
7ea5a1103000-7ea5a112c000 r--p 0005e000 103:02 71175668                  /usr/lib/libgstgl-1.0.so.0.2401.0
7ea5a112c000-7ea5a1131000 r--p 00087000 103:02 71175668                  /usr/lib/libgstgl-1.0.so.0.2401.0
7ea5a1131000-7ea5a1132000 rw-p 0008c000 103:02 71175668                  /usr/lib/libgstgl-1.0.so.0.2401.0
7ea5a1132000-7ea5a1145000 r--p 00000000 103:02 72665003                  /usr/lib/libgstvideo-1.0.so.0.2401.0
7ea5a1145000-7ea5a11ba000 r-xp 00013000 103:02 72665003                  /usr/lib/libgstvideo-1.0.so.0.2401.0
7ea5a11ba000-7ea5a11eb000 r--p 00088000 103:02 72665003                  /usr/lib/libgstvideo-1.0.so.0.2401.0
7ea5a11eb000-7ea5a11fe000 r--p 000b8000 103:02 72665003                  /usr/lib/libgstvideo-1.0.so.0.2401.0
7ea5a11fe000-7ea5a11ff000 rw-p 000cb000 103:02 72665003                  /usr/lib/libgstvideo-1.0.so.0.2401.0
7ea5a11ff000-7ea5a1200000 rw-p 00000000 00:00 0 
7ea5a1200000-7ea5a127e000 r-xp 00000000 00:2a 12726290                   /home/marlonsc/.eclipse/1591715926_linux_gtk_x86_64/configuration/org.eclipse.osgi/392/0/.cp/libswt-gtk-4940r23.so
7ea5a127e000-7ea5a147d000 ---p 0007e000 00:2a 12726290                   /home/marlonsc/.eclipse/1591715926_linux_gtk_x86_64/configuration/org.eclipse.osgi/392/0/.cp/libswt-gtk-4940r23.so
7ea5a147d000-7ea5a147e000 r--p 0007d000 00:2a 12726290                   /home/marlonsc/.eclipse/1591715926_linux_gtk_x86_64/configuration/org.eclipse.osgi/392/0/.cp/libswt-gtk-4940r23.so
7ea5a147e000-7ea5a1485000 rw-p 0007e000 00:2a 12726290                   /home/marlonsc/.eclipse/1591715926_linux_gtk_x86_64/configuration/org.eclipse.osgi/392/0/.cp/libswt-gtk-4940r23.so
7ea5a1485000-7ea5a1489000 rw-p 00000000 00:00 0 
7ea5a148c000-7ea5a1490000 r--p 00000000 103:02 71268696                  /usr/lib/libgudev-1.0.so.0.3.0
7ea5a1490000-7ea5a1494000 r-xp 00004000 103:02 71268696                  /usr/lib/libgudev-1.0.so.0.3.0
7ea5a1494000-7ea5a1497000 r--p 00008000 103:02 71268696                  /usr/lib/libgudev-1.0.so.0.3.0
7ea5a1497000-7ea5a1498000 r--p 0000a000 103:02 71268696                  /usr/lib/libgudev-1.0.so.0.3.0
7ea5a1498000-7ea5a1499000 rw-p 0000b000 103:02 71268696                  /usr/lib/libgudev-1.0.so.0.3.0
7ea5a1499000-7ea5a14a6000 r--p 00000000 103:02 71175659                  /usr/lib/libgstaudio-1.0.so.0.2401.0
7ea5a14a6000-7ea5a14f6000 r-xp 0000d000 103:02 71175659                  /usr/lib/libgstaudio-1.0.so.0.2401.0
7ea5a14f6000-7ea5a1517000 r--p 0005d000 103:02 71175659                  /usr/lib/libgstaudio-1.0.so.0.2401.0
7ea5a1517000-7ea5a151b000 r--p 0007d000 103:02 71175659                  /usr/lib/libgstaudio-1.0.so.0.2401.0
7ea5a151b000-7ea5a151c000 rw-p 00081000 103:02 71175659                  /usr/lib/libgstaudio-1.0.so.0.2401.0
7ea5a151c000-7ea5a1542000 r--p 00000000 103:02 71175650                  /usr/lib/libgstreamer-1.0.so.0.2401.0
7ea5a1542000-7ea5a1603000 r-xp 00026000 103:02 71175650                  /usr/lib/libgstreamer-1.0.so.0.2401.0
7ea5a1603000-7ea5a1662000 r--p 000e7000 103:02 71175650                  /usr/lib/libgstreamer-1.0.so.0.2401.0
7ea5a1662000-7ea5a1669000 r--p 00146000 103:02 71175650                  /usr/lib/libgstreamer-1.0.so.0.2401.0
7ea5a1669000-7ea5a166b000 rw-p 0014d000 103:02 71175650                  /usr/lib/libgstreamer-1.0.so.0.2401.0
7ea5a166b000-7ea5a166c000 rw-p 00000000 00:00 0 
7ea5a166c000-7ea5a167b000 r--p 00000000 103:02 71175637                  /usr/lib/libgstbase-1.0.so.0.2401.0
7ea5a167b000-7ea5a16d1000 r-xp 0000f000 103:02 71175637                  /usr/lib/libgstbase-1.0.so.0.2401.0
7ea5a16d1000-7ea5a16f2000 r--p 00065000 103:02 71175637                  /usr/lib/libgstbase-1.0.so.0.2401.0
7ea5a16f2000-7ea5a16f4000 r--p 00086000 103:02 71175637                  /usr/lib/libgstbase-1.0.so.0.2401.0
7ea5a16f4000-7ea5a16f5000 rw-p 00088000 103:02 71175637                  /usr/lib/libgstbase-1.0.so.0.2401.0
7ea5a16f5000-7ea5a16f9000 ---p 00000000 00:00 0 
7ea5a16f9000-7ea5a17f5000 rw-p 00000000 00:00 0 
7ea5a17f5000-7ea5a17f9000 ---p 00000000 00:00 0 
7ea5a17f9000-7ea5a18f5000 rw-p 00000000 00:00 0 
7ea5a18f5000-7ea5a18f9000 ---p 00000000 00:00 0 
7ea5a18f9000-7ea5a19f5000 rw-p 00000000 00:00 0 
7ea5a19f5000-7ea5a19f9000 ---p 00000000 00:00 0 
7ea5a19f9000-7ea5a1af5000 rw-p 00000000 00:00 0 
7ea5a1af5000-7ea5a1af6000 ---p 00000000 00:00 0 
7ea5a1af6000-7ea5a1bf6000 rw-p 00000000 00:00 0 
7ea5a1bf6000-7ea5a1bf7000 ---p 00000000 00:00 0 
7ea5a1bf7000-7ea5a1cf7000 rw-p 00000000 00:00 0 
7ea5a1cf7000-7ea5a1cf8000 ---p 00000000 00:00 0 
7ea5a1cf8000-7ea5a1df8000 rw-p 00000000 00:00 0 
7ea5a1df8000-7ea5a1df9000 ---p 00000000 00:00 0 
7ea5a1df9000-7ea5a1ef9000 rw-p 00000000 00:00 0 
7ea5a1ef9000-7ea5a1efa000 ---p 00000000 00:00 0 
7ea5a1efa000-7ea5a1ffa000 rw-p 00000000 00:00 0 
7ea5a1ffa000-7ea5a1ffe000 ---p 00000000 00:00 0 
7ea5a1ffe000-7ea5a20fa000 rw-p 00000000 00:00 0 
7ea5a20fa000-7ea5a20fe000 ---p 00000000 00:00 0 
7ea5a20fe000-7ea5a21fa000 rw-p 00000000 00:00 0 
7ea5a21fa000-7ea5a21fb000 ---p 00000000 00:00 0 
7ea5a21fb000-7ea5a22fb000 rw-p 00000000 00:00 0 
7ea5a22fb000-7ea5a22fc000 ---p 00000000 00:00 0 
7ea5a22fc000-7ea5a23fc000 rw-p 00000000 00:00 0 
7ea5a23fc000-7ea5a23fd000 ---p 00000000 00:00 0 
7ea5a23fd000-7ea5a24fd000 rw-p 00000000 00:00 0 
7ea5a24fd000-7ea5a24fe000 ---p 00000000 00:00 0 
7ea5a24fe000-7ea5a25fe000 rw-p 00000000 00:00 0 
7ea5a25fe000-7ea5a25ff000 ---p 00000000 00:00 0 
7ea5a25ff000-7ea5a26ff000 rw-p 00000000 00:00 0 
7ea5a26ff000-7ea5a2700000 ---p 00000000 00:00 0 
7ea5a2700000-7ea5a2800000 rw-p 00000000 00:00 0 
7ea5a2800000-7ea5a2804000 ---p 00000000 00:00 0 
7ea5a2804000-7ea5a2900000 rw-p 00000000 00:00 0 
7ea5a2900000-7ea5a2904000 ---p 00000000 00:00 0 
7ea5a2904000-7ea5a2a00000 rw-p 00000000 00:00 0 
7ea5a2a00000-7ea5a2a04000 ---p 00000000 00:00 0 
7ea5a2a04000-7ea5a2b00000 rw-p 00000000 00:00 0 
7ea5a2b00000-7ea5a2b04000 ---p 00000000 00:00 0 
7ea5a2b04000-7ea5a2c00000 rw-p 00000000 00:00 0 
7ea5a2c00000-7ea5a2c04000 ---p 00000000 00:00 0 
7ea5a2c04000-7ea5a2d00000 rw-p 00000000 00:00 0 
7ea5a2d00000-7ea5a2d04000 ---p 00000000 00:00 0 
7ea5a2d04000-7ea5a2e00000 rw-p 00000000 00:00 0 
7ea5a2e00000-7ea5a2e04000 ---p 00000000 00:00 0 
7ea5a2e04000-7ea5a2f00000 rw-p 00000000 00:00 0 
7ea5a2f00000-7ea5a2f04000 ---p 00000000 00:00 0 
7ea5a2f04000-7ea5a3000000 rw-p 00000000 00:00 0 
7ea5a3000000-7ea5a3004000 ---p 00000000 00:00 0 
7ea5a3004000-7ea5a3100000 rw-p 00000000 00:00 0 
7ea5a3100000-7ea5a3104000 ---p 00000000 00:00 0 
7ea5a3104000-7ea5a3200000 rw-p 00000000 00:00 0 
7ea5a3200000-7ea5a3204000 ---p 00000000 00:00 0 
7ea5a3204000-7ea5a3300000 rw-p 00000000 00:00 0 
7ea5a3300000-7ea5a3304000 ---p 00000000 00:00 0 
7ea5a3304000-7ea5a3400000 rw-p 00000000 00:00 0 
7ea5a3400000-7ea5a3404000 ---p 00000000 00:00 0 
7ea5a3404000-7ea5a3500000 rw-p 00000000 00:00 0 
7ea5a3500000-7ea5a3504000 ---p 00000000 00:00 0 
7ea5a3504000-7ea5a3600000 rw-p 00000000 00:00 0 
7ea5a3600000-7ea5a3604000 ---p 00000000 00:00 0 
7ea5a3604000-7ea5a3700000 rw-p 00000000 00:00 0 
7ea5a3700000-7ea5a3704000 ---p 00000000 00:00 0 
7ea5a3704000-7ea5a3800000 rw-p 00000000 00:00 0 
7ea5a3804000-7ea5a3807000 r--p 00000000 103:02 68013592                  /usr/lib/libgbm.so.1.0.0
7ea5a3807000-7ea5a380f000 r-xp 00003000 103:02 68013592                  /usr/lib/libgbm.so.1.0.0
7ea5a380f000-7ea5a3813000 r--p 0000b000 103:02 68013592                  /usr/lib/libgbm.so.1.0.0
7ea5a3813000-7ea5a3814000 r--p 0000e000 103:02 68013592                  /usr/lib/libgbm.so.1.0.0
7ea5a3814000-7ea5a3815000 rw-p 0000f000 103:02 68013592                  /usr/lib/libgbm.so.1.0.0
7ea5a3815000-7ea5a3818000 r--p 00000000 103:02 71180307                  /usr/lib/libtasn1.so.6.6.3
7ea5a3818000-7ea5a3826000 r-xp 00003000 103:02 71180307                  /usr/lib/libtasn1.so.6.6.3
7ea5a3826000-7ea5a382a000 r--p 00011000 103:02 71180307                  /usr/lib/libtasn1.so.6.6.3
7ea5a382a000-7ea5a382b000 r--p 00015000 103:02 71180307                  /usr/lib/libtasn1.so.6.6.3
7ea5a382b000-7ea5a382c000 rw-p 00016000 103:02 71180307                  /usr/lib/libtasn1.so.6.6.3
7ea5a382c000-7ea5a3833000 r--p 00000000 103:02 71176288                  /usr/lib/libgsttag-1.0.so.0.2401.0
7ea5a3833000-7ea5a3854000 r-xp 00007000 103:02 71176288                  /usr/lib/libgsttag-1.0.so.0.2401.0
7ea5a3854000-7ea5a3867000 r--p 00028000 103:02 71176288                  /usr/lib/libgsttag-1.0.so.0.2401.0
7ea5a3867000-7ea5a3869000 r--p 0003b000 103:02 71176288                  /usr/lib/libgsttag-1.0.so.0.2401.0
7ea5a3869000-7ea5a386a000 rw-p 0003d000 103:02 71176288                  /usr/lib/libgsttag-1.0.so.0.2401.0
7ea5a386a000-7ea5a386e000 ---p 00000000 00:00 0 
7ea5a386e000-7ea5a396a000 rw-p 00000000 00:00 0 
7ea5a396a000-7ea5a3a00000 r--p 00000000 103:02 203106933                 /usr/share/fonts/noto/NotoSansMono-Bold.ttf
7ea5a3a00000-7ea5a3a09000 r-xp 00000000 00:2a 12724520                   /home/marlonsc/.eclipse/1591715926_linux_gtk_x86_64/configuration/org.eclipse.osgi/392/0/.cp/libswt-atk-gtk-4940r23.so
7ea5a3a09000-7ea5a3c08000 ---p 00009000 00:2a 12724520                   /home/marlonsc/.eclipse/1591715926_linux_gtk_x86_64/configuration/org.eclipse.osgi/392/0/.cp/libswt-atk-gtk-4940r23.so
7ea5a3c08000-7ea5a3c09000 r--p 00008000 00:2a 12724520                   /home/marlonsc/.eclipse/1591715926_linux_gtk_x86_64/configuration/org.eclipse.osgi/392/0/.cp/libswt-atk-gtk-4940r23.so
7ea5a3c09000-7ea5a3c0a000 rw-p 00009000 00:2a 12724520                   /home/marlonsc/.eclipse/1591715926_linux_gtk_x86_64/configuration/org.eclipse.osgi/392/0/.cp/libswt-atk-gtk-4940r23.so
7ea5a3c0d000-7ea5a3c12000 r--p 00000000 103:02 93834903                  /usr/lib/libavif.so.16.0.4
7ea5a3c12000-7ea5a3c3a000 r-xp 00005000 103:02 93834903                  /usr/lib/libavif.so.16.0.4
7ea5a3c3a000-7ea5a3c41000 r--p 0002d000 103:02 93834903                  /usr/lib/libavif.so.16.0.4
7ea5a3c41000-7ea5a3c43000 r--p 00034000 103:02 93834903                  /usr/lib/libavif.so.16.0.4
7ea5a3c43000-7ea5a3c44000 rw-p 00036000 103:02 93834903                  /usr/lib/libavif.so.16.0.4
7ea5a3c44000-7ea5a3cd6000 r--p 00000000 103:02 203105453                 /usr/share/fonts/noto/NotoSansMono-Regular.ttf
7ea5a3cd6000-7ea5a3d6c000 r--p 00000000 103:02 203106933                 /usr/share/fonts/noto/NotoSansMono-Bold.ttf
7ea5a3d6c000-7ea5a3dfe000 r--p 00000000 103:02 203105453                 /usr/share/fonts/noto/NotoSansMono-Regular.ttf
7ea5a3dfe000-7ea5a3dff000 ---p 00000000 00:00 0 
7ea5a3dff000-7ea5a3eff000 rw-p 00000000 00:00 0 
7ea5a3eff000-7ea5a3f00000 ---p 00000000 00:00 0 
7ea5a3f00000-7ea5a4000000 rw-p 00000000 00:00 0 
7ea5a4000000-7ea5a4021000 rw-p 00000000 00:00 0 
7ea5a4021000-7ea5a8000000 ---p 00000000 00:00 0 
7ea5a8000000-7ea5a8021000 rw-p 00000000 00:00 0 
7ea5a8021000-7ea5ac000000 ---p 00000000 00:00 0 
7ea5ac000000-7ea5ac002000 r--p 00000000 103:02 67719535                  /usr/lib/libatomic.so.1.2.0
7ea5ac002000-7ea5ac004000 r-xp 00002000 103:02 67719535                  /usr/lib/libatomic.so.1.2.0
7ea5ac004000-7ea5ac006000 r--p 00004000 103:02 67719535                  /usr/lib/libatomic.so.1.2.0
7ea5ac006000-7ea5ac007000 r--p 00005000 103:02 67719535                  /usr/lib/libatomic.so.1.2.0
7ea5ac007000-7ea5ac008000 rw-p 00006000 103:02 67719535                  /usr/lib/libatomic.so.1.2.0
7ea5ac008000-7ea5ac009000 rw-p 00000000 00:00 0 
7ea5ac009000-7ea5ac00a000 r--p 00000000 103:02 72074434                  /usr/lib/libhyphen.so.0.3.0
7ea5ac00a000-7ea5ac00e000 r-xp 00001000 103:02 72074434                  /usr/lib/libhyphen.so.0.3.0
7ea5ac00e000-7ea5ac00f000 r--p 00005000 103:02 72074434                  /usr/lib/libhyphen.so.0.3.0
7ea5ac00f000-7ea5ac010000 r--p 00005000 103:02 72074434                  /usr/lib/libhyphen.so.0.3.0
7ea5ac010000-7ea5ac011000 rw-p 00006000 103:02 72074434                  /usr/lib/libhyphen.so.0.3.0
7ea5ac011000-7ea5ac01d000 r--p 00000000 103:02 71006048                  /usr/lib/liblcms2.so.2.0.16
7ea5ac01d000-7ea5ac05d000 r-xp 0000c000 103:02 71006048                  /usr/lib/liblcms2.so.2.0.16
7ea5ac05d000-7ea5ac072000 r--p 0004c000 103:02 71006048                  /usr/lib/liblcms2.so.2.0.16
7ea5ac072000-7ea5ac075000 r--p 00060000 103:02 71006048                  /usr/lib/liblcms2.so.2.0.16
7ea5ac075000-7ea5ac078000 rw-p 00063000 103:02 71006048                  /usr/lib/liblcms2.so.2.0.16
7ea5ac078000-7ea5ac079000 rw-p 00000000 00:00 0 
7ea5ac079000-7ea5ac0fa000 r--p 00000000 103:02 1184674                   /usr/share/fonts/TTF/FiraSans-BoldItalic.ttf
7ea5ac0fa000-7ea5ac0fe000 ---p 00000000 00:00 0 
7ea5ac0fe000-7ea5ac1fa000 rw-p 00000000 00:00 0 
7ea5ac1fa000-7ea5ac1fe000 ---p 00000000 00:00 0 
7ea5ac1fe000-7ea5ac2fa000 rw-p 00000000 00:00 0 
7ea5ac2fa000-7ea5ac2fe000 ---p 00000000 00:00 0 
7ea5ac2fe000-7ea5ac3fa000 rw-p 00000000 00:00 0 
7ea5ac3fa000-7ea5ac3fe000 ---p 00000000 00:00 0 
7ea5ac3fe000-7ea5ac4fa000 rw-p 00000000 00:00 0 
7ea5ac4fa000-7ea5ac4fe000 ---p 00000000 00:00 0 
7ea5ac4fe000-7ea5ac5fa000 rw-p 00000000 00:00 0 
7ea5ac5fa000-7ea5ac5fe000 ---p 00000000 00:00 0 
7ea5ac5fe000-7ea5ac6fa000 rw-p 00000000 00:00 0 
7ea5ac6fa000-7ea5ac6fe000 ---p 00000000 00:00 0 
7ea5ac6fe000-7ea5ac7fa000 rw-p 00000000 00:00 0 
7ea5ac7fa000-7ea5ac7fb000 ---p 00000000 00:00 0 
7ea5ac7fb000-7ea5ac8fb000 rw-p 00000000 00:00 0 
7ea5ac8fb000-7ea5ac8fc000 ---p 00000000 00:00 0 
7ea5ac8fc000-7ea5ac9fc000 rw-p 00000000 00:00 0 
7ea5ac9fc000-7ea5ac9fd000 ---p 00000000 00:00 0 
7ea5ac9fd000-7ea5acafd000 rw-p 00000000 00:00 0 
7ea5acafd000-7ea5acafe000 ---p 00000000 00:00 0 
7ea5acafe000-7ea5acbfe000 rw-p 00000000 00:00 0 
7ea5acbfe000-7ea5acbff000 ---p 00000000 00:00 0 
7ea5acbff000-7ea5accff000 rw-p 00000000 00:00 0 
7ea5accff000-7ea5acd00000 ---p 00000000 00:00 0 
7ea5acd00000-7ea5ace00000 rw-p 00000000 00:00 0 
7ea5ace00000-7ea5ace01000 ---p 00000000 00:00 0 
7ea5ace01000-7ea5ad601000 rw-p 00000000 00:00 0 
7ea5ad604000-7ea5ad607000 r--p 00000000 103:02 69925358                  /usr/lib/libenchant-2.so.2.6.5
7ea5ad607000-7ea5ad60c000 r-xp 00003000 103:02 69925358                  /usr/lib/libenchant-2.so.2.6.5
7ea5ad60c000-7ea5ad60e000 r--p 00008000 103:02 69925358                  /usr/lib/libenchant-2.so.2.6.5
7ea5ad60e000-7ea5ad60f000 r--p 00009000 103:02 69925358                  /usr/lib/libenchant-2.so.2.6.5
7ea5ad60f000-7ea5ad610000 rw-p 0000a000 103:02 69925358                  /usr/lib/libenchant-2.so.2.6.5
7ea5ad610000-7ea5ad611000 r--p 00000000 103:02 71175663                  /usr/lib/libgstfft-1.0.so.0.2401.0
7ea5ad611000-7ea5ad618000 r-xp 00001000 103:02 71175663                  /usr/lib/libgstfft-1.0.so.0.2401.0
7ea5ad618000-7ea5ad61a000 r--p 00008000 103:02 71175663                  /usr/lib/libgstfft-1.0.so.0.2401.0
7ea5ad61a000-7ea5ad61b000 r--p 00009000 103:02 71175663                  /usr/lib/libgstfft-1.0.so.0.2401.0
7ea5ad61b000-7ea5ad61c000 rw-p 0000a000 103:02 71175663                  /usr/lib/libgstfft-1.0.so.0.2401.0
7ea5ad61c000-7ea5ad620000 r--p 00000000 103:02 71177473                  /usr/lib/libgsttranscoder-1.0.so.0
7ea5ad620000-7ea5ad625000 r-xp 00004000 103:02 71177473                  /usr/lib/libgsttranscoder-1.0.so.0
7ea5ad625000-7ea5ad628000 r--p 00009000 103:02 71177473                  /usr/lib/libgsttranscoder-1.0.so.0
7ea5ad628000-7ea5ad629000 r--p 0000b000 103:02 71177473                  /usr/lib/libgsttranscoder-1.0.so.0
7ea5ad629000-7ea5ad62a000 rw-p 0000c000 103:02 71177473                  /usr/lib/libgsttranscoder-1.0.so.0
7ea5ad65a000-7ea5ad661000 r--p 00000000 103:02 72638012                  /usr/share/locale/pt/LC_MESSAGES/WebKitGTK-4.0.mo
7ea5ad661000-7ea5ad66f000 r--p 00000000 103:02 1785714                   /usr/share/locale/pt_BR/LC_MESSAGES/WebKitGTK-4.0.mo
7ea5ad66f000-7ea5ad67f000 rw-s 00000000 00:05 1135                       /dev/nvidia0
7ea5ad67f000-7ea5ad6ff000 r--p 00000000 103:02 1184673                   /usr/share/fonts/TTF/FiraSans-Bold.ttf
7ea5ad6ff000-7ea5ad700000 ---p 00000000 00:00 0 
7ea5ad700000-7ea5ad800000 rw-p 00000000 00:00 0 
7ea5ad800000-7ea5ad801000 ---p 00000000 00:00 0 
7ea5ad801000-7ea5ae001000 rw-p 00000000 00:00 0 
7ea5ae005000-7ea5ae07e000 r--p 00000000 103:02 1184689                   /usr/share/fonts/TTF/FiraSans-Italic.ttf
7ea5ae07e000-7ea5ae0ff000 r--p 00000000 103:02 1184674                   /usr/share/fonts/TTF/FiraSans-BoldItalic.ttf
7ea5ae0ff000-7ea5ae100000 ---p 00000000 00:00 0 
7ea5ae100000-7ea5ae200000 rw-p 00000000 00:00 0 
7ea5ae200000-7ea5ae201000 ---p 00000000 00:00 0 
7ea5ae201000-7ea5aea01000 rw-p 00000000 00:00 0 
7ea5aea01000-7ea5aea06000 rw-p 00000000 00:00 0 
7ea5aea06000-7ea5aea7f000 r--p 00000000 103:02 1184689                   /usr/share/fonts/TTF/FiraSans-Italic.ttf
7ea5aea7f000-7ea5aeaff000 r--p 00000000 103:02 1184673                   /usr/share/fonts/TTF/FiraSans-Bold.ttf
7ea5aeaff000-7ea5aeb00000 ---p 00000000 00:00 0 
7ea5aeb00000-7ea5aec00000 rw-p 00000000 00:00 0 
7ea5aec00000-7ea5aec01000 ---p 00000000 00:00 0 
7ea5aec01000-7ea5af401000 rw-p 00000000 00:00 0 
7ea5af405000-7ea5af406000 r--p 00000000 103:02 73052689                  /usr/lib/libwebpdemux.so.2.0.14
7ea5af406000-7ea5af409000 r-xp 00001000 103:02 73052689                  /usr/lib/libwebpdemux.so.2.0.14
7ea5af409000-7ea5af40a000 r--p 00004000 103:02 73052689                  /usr/lib/libwebpdemux.so.2.0.14
7ea5af40a000-7ea5af40b000 r--p 00004000 103:02 73052689                  /usr/lib/libwebpdemux.so.2.0.14
7ea5af40b000-7ea5af40c000 rw-p 00005000 103:02 73052689                  /usr/lib/libwebpdemux.so.2.0.14
7ea5af40c000-7ea5af4ff000 r--p 00000000 103:02 201971425                 /usr/share/icons/Tela-circle/icon-theme.cache
7ea5af4ff000-7ea5af500000 ---p 00000000 00:00 0 
7ea5af500000-7ea5af600000 rw-p 00000000 00:00 0 
7ea5af600000-7ea5af601000 ---p 00000000 00:00 0 
7ea5af601000-7ea5afe01000 rw-p 00000000 00:00 0 
7ea5afe03000-7ea5afe7b000 r--p 00000000 103:02 1184692                   /usr/share/fonts/TTF/FiraSans-Medium.ttf
7ea5afe7b000-7ea5afe8b000 r--p 00000000 103:02 67921149                  /usr/lib/libibus-1.0.so.5.0.529
7ea5afe8b000-7ea5afec1000 r-xp 00010000 103:02 67921149                  /usr/lib/libibus-1.0.so.5.0.529
7ea5afec1000-7ea5afefc000 r--p 00046000 103:02 67921149                  /usr/lib/libibus-1.0.so.5.0.529
7ea5afefc000-7ea5afeff000 r--p 00080000 103:02 67921149                  /usr/lib/libibus-1.0.so.5.0.529
7ea5afeff000-7ea5aff00000 rw-p 00083000 103:02 67921149                  /usr/lib/libibus-1.0.so.5.0.529
7ea5aff00000-7ea5aff04000 ---p 00000000 00:00 0 
7ea5aff04000-7ea5b0000000 rw-p 00000000 00:00 0 
7ea5b0000000-7ea5b04f0000 rw-p 00000000 00:00 0 
7ea5b04f0000-7ea5b0510000 rw-p 00000000 00:00 0 
7ea5b0510000-7ea5b0530000 rw-p 00000000 00:00 0 
7ea5b0530000-7ea5b0570000 rw-p 00000000 00:00 0 
7ea5b0570000-7ea5b08f0000 rw-p 00000000 00:00 0 
7ea5b08f0000-7ea5b0930000 rw-p 00000000 00:00 0 
7ea5b0930000-7ea5b0970000 rw-p 00000000 00:00 0 
7ea5b0970000-7ea5b0af0000 rw-p 00000000 00:00 0 
7ea5b0af0000-7ea5b0bf0000 rw-p 00000000 00:00 0 
7ea5b0bf0000-7ea5b0cf0000 rw-p 00000000 00:00 0 
7ea5b0cf0000-7ea5b0df0000 rw-p 00000000 00:00 0 
7ea5b0df0000-7ea5b0fd0000 rw-p 00000000 00:00 0 
7ea5b0fd0000-7ea5b10f0000 rw-p 00000000 00:00 0 
7ea5b10f0000-7ea5b12f0000 rw-p 00000000 00:00 0 
7ea5b12f0000-7ea5b13f0000 rw-p 00000000 00:00 0 
7ea5b13f0000-7ea5b14f0000 rw-p 00000000 00:00 0 
7ea5b14f0000-7ea5b15f0000 rw-p 00000000 00:00 0 
7ea5b15f0000-7ea5b2370000 rw-p 00000000 00:00 0 
7ea5b2370000-7ea5b23f0000 rw-p 00000000 00:00 0 
7ea5b23f0000-7ea5b26f0000 rw-p 00000000 00:00 0 
7ea5b26f0000-7ea5b27f0000 rw-p 00000000 00:00 0 
7ea5b27f0000-7ea5b2db0000 rw-p 00000000 00:00 0 
7ea5b2db0000-7ea5b2e20000 rw-p 00000000 00:00 0 
7ea5b2e20000-7ea5b2f00000 ---p 00000000 00:00 0 
7ea5b2f00000-7ea5b2f20000 rw-p 00000000 00:00 0 
7ea5b2f20000-7ea5b4000000 ---p 00000000 00:00 0 
7ea5b4000000-7ea5b4021000 rw-p 00000000 00:00 0 
7ea5b4021000-7ea5b8000000 ---p 00000000 00:00 0 
7ea5b8000000-7ea5b8021000 rw-p 00000000 00:00 0 
7ea5b8021000-7ea5bc000000 ---p 00000000 00:00 0 
7ea5bc000000-7ea5bc00c000 r--p 00000000 103:02 71175672                  /usr/lib/libgstpbutils-1.0.so.0.2401.0
7ea5bc00c000-7ea5bc02b000 r-xp 0000c000 103:02 71175672                  /usr/lib/libgstpbutils-1.0.so.0.2401.0
7ea5bc02b000-7ea5bc03b000 r--p 0002b000 103:02 71175672                  /usr/lib/libgstpbutils-1.0.so.0.2401.0
7ea5bc03b000-7ea5bc03e000 r--p 0003b000 103:02 71175672                  /usr/lib/libgstpbutils-1.0.so.0.2401.0
7ea5bc03e000-7ea5bc03f000 rw-p 0003e000 103:02 71175672                  /usr/lib/libgstpbutils-1.0.so.0.2401.0
7ea5bc03f000-7ea5bc0b7000 r--p 00000000 103:02 1184692                   /usr/share/fonts/TTF/FiraSans-Medium.ttf
7ea5bc0b7000-7ea5bc0bb000 ---p 00000000 00:00 0 
7ea5bc0bb000-7ea5bc1b7000 rw-p 00000000 00:00 0 
7ea5bc1b7000-7ea5bc1bb000 ---p 00000000 00:00 0 
7ea5bc1bb000-7ea5bc2b7000 rw-p 00000000 00:00 0 
7ea5bc2b7000-7ea5bc2bb000 ---p 00000000 00:00 0 
7ea5bc2bb000-7ea5bc3b7000 rw-p 00000000 00:00 0 
7ea5bc3b7000-7ea5bc3bb000 ---p 00000000 00:00 0 
7ea5bc3bb000-7ea5bc4b7000 rw-p 00000000 00:00 0 
7ea5bc4b7000-7ea5bc4bb000 ---p 00000000 00:00 0 
7ea5bc4bb000-7ea5bc5b7000 rw-p 00000000 00:00 0 
7ea5bc5b7000-7ea5bc5bb000 ---p 00000000 00:00 0 
7ea5bc5bb000-7ea5bc6b7000 rw-p 00000000 00:00 0 
7ea5bc6b7000-7ea5bc6bb000 ---p 00000000 00:00 0 
7ea5bc6bb000-7ea5bc7b7000 rw-p 00000000 00:00 0 
7ea5bc7b7000-7ea5bc82f000 r--p 00000000 103:02 1184694                   /usr/share/fonts/TTF/FiraSans-Regular.ttf
7ea5bc82f000-7ea5bc8a7000 r--p 00000000 103:02 1184694                   /usr/share/fonts/TTF/FiraSans-Regular.ttf
7ea5bc8a7000-7ea5bc8ab000 r--p 00000000 103:02 71175654                  /usr/lib/libgstapp-1.0.so.0.2401.0
7ea5bc8ab000-7ea5bc8b6000 r-xp 00004000 103:02 71175654                  /usr/lib/libgstapp-1.0.so.0.2401.0
7ea5bc8b6000-7ea5bc8bb000 r--p 0000f000 103:02 71175654                  /usr/lib/libgstapp-1.0.so.0.2401.0
7ea5bc8bb000-7ea5bc8bc000 r--p 00014000 103:02 71175654                  /usr/lib/libgstapp-1.0.so.0.2401.0
7ea5bc8bc000-7ea5bc8bd000 rw-p 00015000 103:02 71175654                  /usr/lib/libgstapp-1.0.so.0.2401.0
7ea5bc8bd000-7ea5bc8bf000 r--p 00000000 103:02 68991474                  /usr/lib/libgstallocators-1.0.so.0.2401.0
7ea5bc8bf000-7ea5bc8c2000 r-xp 00002000 103:02 68991474                  /usr/lib/libgstallocators-1.0.so.0.2401.0
7ea5bc8c2000-7ea5bc8c4000 r--p 00005000 103:02 68991474                  /usr/lib/libgstallocators-1.0.so.0.2401.0
7ea5bc8c4000-7ea5bc8c5000 r--p 00006000 103:02 68991474                  /usr/lib/libgstallocators-1.0.so.0.2401.0
7ea5bc8c5000-7ea5bc8c6000 rw-p 00007000 103:02 68991474                  /usr/lib/libgstallocators-1.0.so.0.2401.0
7ea5bc8c6000-7ea5bc8c8000 r--p 00000000 103:02 67128417                  /usr/lib/libwoff2dec.so.1.0.2
7ea5bc8c8000-7ea5bc8d0000 r-xp 00002000 103:02 67128417                  /usr/lib/libwoff2dec.so.1.0.2
7ea5bc8d0000-7ea5bc8d1000 r--p 0000a000 103:02 67128417                  /usr/lib/libwoff2dec.so.1.0.2
7ea5bc8d1000-7ea5bc8d2000 ---p 0000b000 103:02 67128417                  /usr/lib/libwoff2dec.so.1.0.2
7ea5bc8d2000-7ea5bc8d3000 r--p 0000b000 103:02 67128417                  /usr/lib/libwoff2dec.so.1.0.2
7ea5bc8d3000-7ea5bc8d4000 rw-p 0000c000 103:02 67128417                  /usr/lib/libwoff2dec.so.1.0.2
7ea5bc8d4000-7ea5bc8d6000 r--p 00000000 103:02 4327242                   /usr/lib/jvm/java-17-openjdk/lib/libverify.so
7ea5bc8d6000-7ea5bc8dd000 r-xp 00002000 103:02 4327242                   /usr/lib/jvm/java-17-openjdk/lib/libverify.so
7ea5bc8dd000-7ea5bc8df000 r--p 00009000 103:02 4327242                   /usr/lib/jvm/java-17-openjdk/lib/libverify.so
7ea5bc8df000-7ea5bc8e1000 r--p 0000b000 103:02 4327242                   /usr/lib/jvm/java-17-openjdk/lib/libverify.so
7ea5bc8e1000-7ea5bc8e2000 rw-p 0000d000 103:02 4327242                   /usr/lib/jvm/java-17-openjdk/lib/libverify.so
7ea5bc8e2000-7ea5bc8e5000 r--p 00000000 103:02 71438355                  /usr/lib/gtk-3.0/3.0.0/immodules/im-ibus.so
7ea5bc8e5000-7ea5bc8e8000 r-xp 00003000 103:02 71438355                  /usr/lib/gtk-3.0/3.0.0/immodules/im-ibus.so
7ea5bc8e8000-7ea5bc8ea000 r--p 00006000 103:02 71438355                  /usr/lib/gtk-3.0/3.0.0/immodules/im-ibus.so
7ea5bc8ea000-7ea5bc8eb000 r--p 00007000 103:02 71438355                  /usr/lib/gtk-3.0/3.0.0/immodules/im-ibus.so
7ea5bc8eb000-7ea5bc8ec000 rw-p 00008000 103:02 71438355                  /usr/lib/gtk-3.0/3.0.0/immodules/im-ibus.so
7ea5bc8ec000-7ea5bc8f6000 r--s 00000000 00:28 39812                      /var/cache/fontconfig/8087dfd67547a1134e1b315c0e6294c3-le64.cache-9
7ea5bc8f6000-7ea5bca00000 r--s 00000000 00:28 51932                      /var/cache/fontconfig/923e285e415b1073c8df160bee08820f-le64.cache-9
7ea5bca00000-7ea5bca01000 ---p 00000000 00:00 0 
7ea5bca01000-7ea5bd201000 rw-p 00000000 00:00 0 
7ea5bd201000-7ea5bd202000 r--p 00000000 103:02 69481504                  /usr/lib/libX11-xcb.so.1.0.0
7ea5bd202000-7ea5bd203000 r-xp 00001000 103:02 69481504                  /usr/lib/libX11-xcb.so.1.0.0
7ea5bd203000-7ea5bd204000 r--p 00002000 103:02 69481504                  /usr/lib/libX11-xcb.so.1.0.0
7ea5bd204000-7ea5bd205000 r--p 00002000 103:02 69481504                  /usr/lib/libX11-xcb.so.1.0.0
7ea5bd205000-7ea5bd206000 rw-p 00003000 103:02 69481504                  /usr/lib/libX11-xcb.so.1.0.0
7ea5bd206000-7ea5bd21f000 r--s 00000000 00:28 39676                      /var/cache/fontconfig/ffabee0e3ed22a06206923f7fac5e1c0-le64.cache-9
7ea5bd21f000-7ea5bd228000 r--s 00000000 00:28 39668                      /var/cache/fontconfig/9f18a0df8bc37d83c3ea2376c06ff3af-le64.cache-9
7ea5bd228000-7ea5bd234000 r--s 00000000 00:28 39660                      /var/cache/fontconfig/25af1fc25f11a29b4bde933093acd51c-le64.cache-9
7ea5bd234000-7ea5bd23f000 r--s 00000000 00:28 39652                      /var/cache/fontconfig/2b34ab0a2048ea31d208a7dc116fb2f3-le64.cache-9
7ea5bd23f000-7ea5bd24a000 r--s 00000000 00:28 39644                      /var/cache/fontconfig/742beb53257c10cf578c07a0f3b00110-le64.cache-9
7ea5bd24a000-7ea5bd255000 r--s 00000000 00:28 39636                      /var/cache/fontconfig/cb60976e0ef8d2b17a86838bea532586-le64.cache-9
7ea5bd255000-7ea5bd27d000 r--s 00000000 00:28 36038                      /var/cache/fontconfig/f2e43df3287529323e79e7929dc44cc9-le64.cache-9
7ea5bd27d000-7ea5bd2b7000 r--s 00000000 00:28 39816                      /var/cache/fontconfig/8d4af663993b81a124ee82e610bb31f9-le64.cache-9
7ea5bd2b7000-7ea5bd2c7000 r--s 00000000 00:28 39616                      /var/cache/fontconfig/491f45a0a771fef1c10b9b647a97fb82-le64.cache-9
7ea5bd2c7000-7ea5bd2db000 r--s 00000000 00:28 39612                      /var/cache/fontconfig/614d1caaa4d7914789410f6367de37ca-le64.cache-9
7ea5bd2db000-7ea5bd2ea000 r--s 00000000 00:28 39600                      /var/cache/fontconfig/1dce2cb908b447e938fc03acd9b47fcf-le64.cache-9
7ea5bd2ea000-7ea5bd2f8000 r--s 00000000 00:28 39592                      /var/cache/fontconfig/210c0516121708a580e22e6b1f9a103a-le64.cache-9
7ea5bd2f8000-7ea5bd37f000 r--s 00000000 00:28 52230                      /var/cache/fontconfig/f6b893a7224233d96cb72fd88691c0b4-le64.cache-9
7ea5bd37f000-7ea5bd3f2000 rw-p 00000000 00:00 0 
7ea5bd3f6000-7ea5bd400000 r--s 00000000 00:2c 4980994                    /home/marlonsc/.cache/fontconfig/f349e9996a5320f6dd491cedd2b1f964-le64.cache-9
7ea5bd400000-7ea5bf15d000 r--p 00000000 103:02 67119749                  /usr/lib/libicudata.so.74.2
7ea5bf15d000-7ea5bf15e000 r--p 01d5c000 103:02 67119749                  /usr/lib/libicudata.so.74.2
7ea5bf15f000-7ea5bf165000 r--s 00000000 00:28 36046                      /var/cache/fontconfig/7491cb2ac7fc5b2a9d11049a14736625-le64.cache-9
7ea5bf165000-7ea5bf16b000 r--s 00000000 00:28 39620                      /var/cache/fontconfig/b67b32625a2bb51b023d3814a918f351-le64.cache-9
7ea5bf16b000-7ea5bf171000 r--p 00000000 103:02 1785602                   /usr/share/locale/pt_BR/LC_MESSAGES/gdk-pixbuf.mo
7ea5bf171000-7ea5bf172000 r--p 00000000 103:02 67128415                  /usr/lib/libwoff2common.so.1.0.2
7ea5bf172000-7ea5bf173000 r-xp 00001000 103:02 67128415                  /usr/lib/libwoff2common.so.1.0.2
7ea5bf173000-7ea5bf174000 r--p 00002000 103:02 67128415                  /usr/lib/libwoff2common.so.1.0.2
7ea5bf174000-7ea5bf175000 r--p 00002000 103:02 67128415                  /usr/lib/libwoff2common.so.1.0.2
7ea5bf175000-7ea5bf176000 rw-p 00003000 103:02 67128415                  /usr/lib/libwoff2common.so.1.0.2
7ea5bf176000-7ea5bf177000 r--p 00000000 103:02 73440887                  /usr/lib/libharfbuzz-icu.so.0.60840.0
7ea5bf177000-7ea5bf178000 r-xp 00001000 103:02 73440887                  /usr/lib/libharfbuzz-icu.so.0.60840.0
7ea5bf178000-7ea5bf179000 r--p 00002000 103:02 73440887                  /usr/lib/libharfbuzz-icu.so.0.60840.0
7ea5bf179000-7ea5bf17a000 r--p 00002000 103:02 73440887                  /usr/lib/libharfbuzz-icu.so.0.60840.0
7ea5bf17a000-7ea5bf17b000 rw-p 00003000 103:02 73440887                  /usr/lib/libharfbuzz-icu.so.0.60840.0
7ea5bf17b000-7ea5bf185000 r--p 00000000 103:02 81635959                  /usr/lib/libxslt.so.1.1.39
7ea5bf185000-7ea5bf1af000 r-xp 0000a000 103:02 81635959                  /usr/lib/libxslt.so.1.1.39
7ea5bf1af000-7ea5bf1bd000 r--p 00034000 103:02 81635959                  /usr/lib/libxslt.so.1.1.39
7ea5bf1bd000-7ea5bf1bf000 r--p 00041000 103:02 81635959                  /usr/lib/libxslt.so.1.1.39
7ea5bf1bf000-7ea5bf1c0000 rw-p 00043000 103:02 81635959                  /usr/lib/libxslt.so.1.1.39
7ea5bf1c0000-7ea5bf1ca000 r--p 00000000 103:02 136797900                 /usr/share/icons/Adwaita/icon-theme.cache
7ea5bf1ca000-7ea5bf1d4000 r--p 00000000 103:02 72302065                  /usr/share/icons/hicolor/icon-theme.cache
7ea5bf1d4000-7ea5bf200000 r--s 00000000 103:02 136862379                 /usr/share/mime/mime.cache
7ea5bf200000-7ea5bf246000 r--p 00000000 103:02 67856095                  /usr/lib/libicuuc.so.74.2
7ea5bf246000-7ea5bf377000 r-xp 00046000 103:02 67856095                  /usr/lib/libicuuc.so.74.2
7ea5bf377000-7ea5bf408000 r--p 00177000 103:02 67856095                  /usr/lib/libicuuc.so.74.2
7ea5bf408000-7ea5bf41b000 r--p 00208000 103:02 67856095                  /usr/lib/libicuuc.so.74.2
7ea5bf41b000-7ea5bf41c000 rw-p 0021b000 103:02 67856095                  /usr/lib/libicuuc.so.74.2
7ea5bf41c000-7ea5bf41e000 rw-p 00000000 00:00 0 
7ea5bf422000-7ea5bf426000 r--p 00000000 103:02 69439604                  /usr/lib/libvorbis.so.0.4.9
7ea5bf426000-7ea5bf43d000 r-xp 00004000 103:02 69439604                  /usr/lib/libvorbis.so.0.4.9
7ea5bf43d000-7ea5bf44e000 r--p 0001b000 103:02 69439604                  /usr/lib/libvorbis.so.0.4.9
7ea5bf44e000-7ea5bf44f000 r--p 0002b000 103:02 69439604                  /usr/lib/libvorbis.so.0.4.9
7ea5bf44f000-7ea5bf450000 rw-p 0002c000 103:02 69439604                  /usr/lib/libvorbis.so.0.4.9
7ea5bf450000-7ea5bf491000 rw-p 00000000 00:00 0 
7ea5bf491000-7ea5bf493000 r--p 00000000 103:02 67123602                  /usr/lib/libogg.so.0.8.5
7ea5bf493000-7ea5bf498000 r-xp 00002000 103:02 67123602                  /usr/lib/libogg.so.0.8.5
7ea5bf498000-7ea5bf49b000 r--p 00007000 103:02 67123602                  /usr/lib/libogg.so.0.8.5
7ea5bf49b000-7ea5bf49c000 ---p 0000a000 103:02 67123602                  /usr/lib/libogg.so.0.8.5
7ea5bf49c000-7ea5bf49d000 r--p 0000a000 103:02 67123602                  /usr/lib/libogg.so.0.8.5
7ea5bf49d000-7ea5bf49e000 rw-p 0000b000 103:02 67123602                  /usr/lib/libogg.so.0.8.5
7ea5bf49e000-7ea5bf4a0000 r--p 00000000 103:02 67208558                  /usr/lib/libltdl.so.7.3.2
7ea5bf4a0000-7ea5bf4a7000 r-xp 00002000 103:02 67208558                  /usr/lib/libltdl.so.7.3.2
7ea5bf4a7000-7ea5bf4a9000 r--p 00009000 103:02 67208558                  /usr/lib/libltdl.so.7.3.2
7ea5bf4a9000-7ea5bf4aa000 r--p 0000a000 103:02 67208558                  /usr/lib/libltdl.so.7.3.2
7ea5bf4aa000-7ea5bf4ab000 rw-p 0000b000 103:02 67208558                  /usr/lib/libltdl.so.7.3.2
7ea5bf4ab000-7ea5bf4af000 r--p 00000000 103:02 70985604                  /usr/lib/libtdb.so.1.4.10
7ea5bf4af000-7ea5bf4c0000 r-xp 00004000 103:02 70985604                  /usr/lib/libtdb.so.1.4.10
7ea5bf4c0000-7ea5bf4c5000 r--p 00015000 103:02 70985604                  /usr/lib/libtdb.so.1.4.10
7ea5bf4c5000-7ea5bf4c6000 r--p 0001a000 103:02 70985604                  /usr/lib/libtdb.so.1.4.10
7ea5bf4c6000-7ea5bf4c7000 rw-p 0001b000 103:02 70985604                  /usr/lib/libtdb.so.1.4.10
7ea5bf4c7000-7ea5bf4c9000 r--p 00000000 103:02 71180357                  /usr/lib/libvorbisfile.so.3.3.8
7ea5bf4c9000-7ea5bf4ce000 r-xp 00002000 103:02 71180357                  /usr/lib/libvorbisfile.so.3.3.8
7ea5bf4ce000-7ea5bf4cf000 r--p 00007000 103:02 71180357                  /usr/lib/libvorbisfile.so.3.3.8
7ea5bf4cf000-7ea5bf4d0000 ---p 00008000 103:02 71180357                  /usr/lib/libvorbisfile.so.3.3.8
7ea5bf4d0000-7ea5bf4d1000 r--p 00008000 103:02 71180357                  /usr/lib/libvorbisfile.so.3.3.8
7ea5bf4d1000-7ea5bf4d2000 rw-p 00009000 103:02 71180357                  /usr/lib/libvorbisfile.so.3.3.8
7ea5bf4d2000-7ea5bf4d6000 r--p 00000000 103:02 71516645                  /usr/lib/libxfce4util.so.7.0.0
7ea5bf4d6000-7ea5bf4df000 r-xp 00004000 103:02 71516645                  /usr/lib/libxfce4util.so.7.0.0
7ea5bf4df000-7ea5bf4e3000 r--p 0000d000 103:02 71516645                  /usr/lib/libxfce4util.so.7.0.0
7ea5bf4e3000-7ea5bf4e4000 r--p 00011000 103:02 71516645                  /usr/lib/libxfce4util.so.7.0.0
7ea5bf4e4000-7ea5bf4e5000 rw-p 00012000 103:02 71516645                  /usr/lib/libxfce4util.so.7.0.0
7ea5bf4e5000-7ea5bf4e6000 rw-p 00000000 00:00 0 
7ea5bf4e6000-7ea5bf4eb000 r--p 00000000 103:02 71057397                  /usr/lib/libxfconf-0.so.3.0.0
7ea5bf4eb000-7ea5bf4f6000 r-xp 00005000 103:02 71057397                  /usr/lib/libxfconf-0.so.3.0.0
7ea5bf4f6000-7ea5bf4fb000 r--p 00010000 103:02 71057397                  /usr/lib/libxfconf-0.so.3.0.0
7ea5bf4fb000-7ea5bf4fc000 r--p 00015000 103:02 71057397                  /usr/lib/libxfconf-0.so.3.0.0
7ea5bf4fc000-7ea5bf4fd000 rw-p 00016000 103:02 71057397                  /usr/lib/libxfconf-0.so.3.0.0
7ea5bf500000-7ea5bf503000 r--p 00000000 103:02 71063328                  /usr/lib/libcanberra.so.0.2.5
7ea5bf503000-7ea5bf50d000 r-xp 00003000 103:02 71063328                  /usr/lib/libcanberra.so.0.2.5
7ea5bf50d000-7ea5bf511000 r--p 0000d000 103:02 71063328                  /usr/lib/libcanberra.so.0.2.5
7ea5bf511000-7ea5bf512000 r--p 00010000 103:02 71063328                  /usr/lib/libcanberra.so.0.2.5
7ea5bf512000-7ea5bf513000 rw-p 00011000 103:02 71063328                  /usr/lib/libcanberra.so.0.2.5
7ea5bf513000-7ea5bf515000 r--p 00000000 103:02 71063325                  /usr/lib/libcanberra-gtk3.so.0.1.9
7ea5bf515000-7ea5bf517000 r-xp 00002000 103:02 71063325                  /usr/lib/libcanberra-gtk3.so.0.1.9
7ea5bf517000-7ea5bf518000 r--p 00004000 103:02 71063325                  /usr/lib/libcanberra-gtk3.so.0.1.9
7ea5bf518000-7ea5bf519000 r--p 00004000 103:02 71063325                  /usr/lib/libcanberra-gtk3.so.0.1.9
7ea5bf519000-7ea5bf51a000 rw-p 00005000 103:02 71063325                  /usr/lib/libcanberra-gtk3.so.0.1.9
7ea5bf51a000-7ea5bf51c000 r--p 00000000 103:02 805618                    /usr/lib/gtk-3.0/modules/libcanberra-gtk3-module.so
7ea5bf51c000-7ea5bf51f000 r-xp 00002000 103:02 805618                    /usr/lib/gtk-3.0/modules/libcanberra-gtk3-module.so
7ea5bf51f000-7ea5bf520000 r--p 00005000 103:02 805618                    /usr/lib/gtk-3.0/modules/libcanberra-gtk3-module.so
7ea5bf520000-7ea5bf521000 r--p 00005000 103:02 805618                    /usr/lib/gtk-3.0/modules/libcanberra-gtk3-module.so
7ea5bf521000-7ea5bf522000 rw-p 00006000 103:02 805618                    /usr/lib/gtk-3.0/modules/libcanberra-gtk3-module.so
7ea5bf522000-7ea5bf552000 r--p 00000000 00:2d 1393974                    /home/marlonsc/.config/dconf/user
7ea5bf552000-7ea5bf5c3000 r--p 00000000 103:02 203692647                 /usr/share/glib-2.0/schemas/gschemas.compiled
7ea5bf5c3000-7ea5bf5d1000 r--p 00000000 103:02 67128219                  /usr/lib/gvfs/libgvfscommon.so
7ea5bf5d1000-7ea5bf5eb000 r-xp 0000e000 103:02 67128219                  /usr/lib/gvfs/libgvfscommon.so
7ea5bf5eb000-7ea5bf5f9000 r--p 00028000 103:02 67128219                  /usr/lib/gvfs/libgvfscommon.so
7ea5bf5f9000-7ea5bf5ff000 r--p 00036000 103:02 67128219                  /usr/lib/gvfs/libgvfscommon.so
7ea5bf5ff000-7ea5bf600000 rw-p 0003c000 103:02 67128219                  /usr/lib/gvfs/libgvfscommon.so
7ea5bf600000-7ea5bf670000 r--p 00000000 103:02 72365498                  /usr/lib/libgtk-3.so.0.2409.32
7ea5bf670000-7ea5bfa97000 r-xp 00070000 103:02 72365498                  /usr/lib/libgtk-3.so.0.2409.32
7ea5bfa97000-7ea5bfe3a000 r--p 00497000 103:02 72365498                  /usr/lib/libgtk-3.so.0.2409.32
7ea5bfe3a000-7ea5bfe4a000 r--p 00839000 103:02 72365498                  /usr/lib/libgtk-3.so.0.2409.32
7ea5bfe4a000-7ea5bfe4c000 rw-p 00849000 103:02 72365498                  /usr/lib/libgtk-3.so.0.2409.32
7ea5bfe4c000-7ea5bfe51000 rw-p 00000000 00:00 0 
7ea5bfe51000-7ea5bfe55000 r--p 00000000 103:02 202221787                 /usr/lib/gio/modules/libdconfsettings.so
7ea5bfe55000-7ea5bfe5b000 r-xp 00004000 103:02 202221787                 /usr/lib/gio/modules/libdconfsettings.so
7ea5bfe5b000-7ea5bfe5e000 r--p 0000a000 103:02 202221787                 /usr/lib/gio/modules/libdconfsettings.so
7ea5bfe5e000-7ea5bfe5f000 r--p 0000c000 103:02 202221787                 /usr/lib/gio/modules/libdconfsettings.so
7ea5bfe5f000-7ea5bfe60000 rw-p 0000d000 103:02 202221787                 /usr/lib/gio/modules/libdconfsettings.so
7ea5bfe60000-7ea5bfe63000 r--p 00000000 103:02 202712281                 /usr/lib/gio/modules/libxfconfgsettingsbackend.so
7ea5bfe63000-7ea5bfe65000 r-xp 00003000 103:02 202712281                 /usr/lib/gio/modules/libxfconfgsettingsbackend.so
7ea5bfe65000-7ea5bfe66000 r--p 00005000 103:02 202712281                 /usr/lib/gio/modules/libxfconfgsettingsbackend.so
7ea5bfe66000-7ea5bfe67000 r--p 00006000 103:02 202712281                 /usr/lib/gio/modules/libxfconfgsettingsbackend.so
7ea5bfe67000-7ea5bfe68000 rw-p 00007000 103:02 202712281                 /usr/lib/gio/modules/libxfconfgsettingsbackend.so
7ea5bfe68000-7ea5bfe6c000 r--p 00000000 103:02 69801464                  /usr/lib/libappmenu-gtk3-parser.so.24.02
7ea5bfe6c000-7ea5bfe76000 r-xp 00004000 103:02 69801464                  /usr/lib/libappmenu-gtk3-parser.so.24.02
7ea5bfe76000-7ea5bfe7a000 r--p 0000e000 103:02 69801464                  /usr/lib/libappmenu-gtk3-parser.so.24.02
7ea5bfe7a000-7ea5bfe7b000 r--p 00011000 103:02 69801464                  /usr/lib/libappmenu-gtk3-parser.so.24.02
7ea5bfe7b000-7ea5bfe7c000 rw-p 00012000 103:02 69801464                  /usr/lib/libappmenu-gtk3-parser.so.24.02
7ea5bfe7c000-7ea5bfe80000 r--p 00000000 103:02 71881827                  /usr/lib/libxkbfile.so.1.0.2
7ea5bfe80000-7ea5bfe9f000 r-xp 00004000 103:02 71881827                  /usr/lib/libxkbfile.so.1.0.2
7ea5bfe9f000-7ea5bfea6000 r--p 00023000 103:02 71881827                  /usr/lib/libxkbfile.so.1.0.2
7ea5bfea6000-7ea5bfea7000 r--p 0002a000 103:02 71881827                  /usr/lib/libxkbfile.so.1.0.2
7ea5bfea7000-7ea5bfea8000 rw-p 0002b000 103:02 71881827                  /usr/lib/libxkbfile.so.1.0.2
7ea5bfea8000-7ea5bfeae000 r--p 00000000 103:02 71420335                  /usr/lib/libxklavier.so.16.4.0
7ea5bfeae000-7ea5bfebc000 r-xp 00006000 103:02 71420335                  /usr/lib/libxklavier.so.16.4.0
7ea5bfebc000-7ea5bfec3000 r--p 00014000 103:02 71420335                  /usr/lib/libxklavier.so.16.4.0
7ea5bfec3000-7ea5bfec4000 r--p 0001b000 103:02 71420335                  /usr/lib/libxklavier.so.16.4.0
7ea5bfec4000-7ea5bfec5000 rw-p 0001c000 103:02 71420335                  /usr/lib/libxklavier.so.16.4.0
7ea5bfec5000-7ea5bfecd000 r--p 00000000 103:02 67128090                  /usr/lib/libgnomekbdui.so.8.0.0
7ea5bfecd000-7ea5bfed7000 r-xp 00008000 103:02 67128090                  /usr/lib/libgnomekbdui.so.8.0.0
7ea5bfed7000-7ea5bfedb000 r--p 00012000 103:02 67128090                  /usr/lib/libgnomekbdui.so.8.0.0
7ea5bfedb000-7ea5bfedc000 r--p 00016000 103:02 67128090                  /usr/lib/libgnomekbdui.so.8.0.0
7ea5bfedc000-7ea5bfedd000 rw-p 00017000 103:02 67128090                  /usr/lib/libgnomekbdui.so.8.0.0
7ea5bfedd000-7ea5bfeee000 r--p 00000000 103:02 69614005                  /usr/lib/libxapp.so.2.8.2
7ea5bfeee000-7ea5bff0c000 r-xp 00011000 103:02 69614005                  /usr/lib/libxapp.so.2.8.2
7ea5bff0c000-7ea5bff1c000 r--p 0002f000 103:02 69614005                  /usr/lib/libxapp.so.2.8.2
7ea5bff1c000-7ea5bff1f000 r--p 0003f000 103:02 69614005                  /usr/lib/libxapp.so.2.8.2
7ea5bff1f000-7ea5bff20000 rw-p 00042000 103:02 69614005                  /usr/lib/libxapp.so.2.8.2
7ea5bff21000-7ea5bff43000 r--p 00000000 103:02 1716734                   /usr/share/locale/pt_BR/LC_MESSAGES/glib20.mo
7ea5bff43000-7ea5bff4d000 r--p 00000000 103:02 203478139                 /usr/lib/gio/modules/libgvfsdbus.so
7ea5bff4d000-7ea5bff68000 r-xp 0000a000 103:02 203478139                 /usr/lib/gio/modules/libgvfsdbus.so
7ea5bff68000-7ea5bff72000 r--p 00025000 103:02 203478139                 /usr/lib/gio/modules/libgvfsdbus.so
7ea5bff72000-7ea5bff74000 r--p 0002e000 103:02 203478139                 /usr/lib/gio/modules/libgvfsdbus.so
7ea5bff74000-7ea5bff75000 rw-p 00030000 103:02 203478139                 /usr/lib/gio/modules/libgvfsdbus.so
7ea5bff75000-7ea5bffa8000 r--p 00000000 103:02 1863875                   /usr/share/locale/pt_BR/LC_MESSAGES/gtk30-properties.mo
7ea5bffa8000-7ea5bffac000 r--p 00000000 103:02 67123359                  /usr/lib/libgpg-error.so.0.35.0
7ea5bffac000-7ea5bffc8000 r-xp 00004000 103:02 67123359                  /usr/lib/libgpg-error.so.0.35.0
7ea5bffc8000-7ea5bffd2000 r--p 00020000 103:02 67123359                  /usr/lib/libgpg-error.so.0.35.0
7ea5bffd2000-7ea5bffd3000 r--p 00029000 103:02 67123359                  /usr/lib/libgpg-error.so.0.35.0
7ea5bffd3000-7ea5bffd4000 rw-p 0002a000 103:02 67123359                  /usr/lib/libgpg-error.so.0.35.0
7ea5bffd4000-7ea5bffd7000 r--p 00000000 103:02 67109850                  /usr/lib/liblz4.so.1.9.4
7ea5bffd7000-7ea5bfffb000 r-xp 00003000 103:02 67109850                  /usr/lib/liblz4.so.1.9.4
7ea5bfffb000-7ea5bfffe000 r--p 00027000 103:02 67109850                  /usr/lib/liblz4.so.1.9.4
7ea5bfffe000-7ea5bffff000 r--p 00029000 103:02 67109850                  /usr/lib/liblz4.so.1.9.4
7ea5bffff000-7ea5c0000000 rw-p 0002a000 103:02 67109850                  /usr/lib/liblz4.so.1.9.4
7ea5c0000000-7ea5c0021000 rw-p 00000000 00:00 0 
7ea5c0021000-7ea5c4000000 ---p 00000000 00:00 0 
7ea5c4000000-7ea5c4021000 rw-p 00000000 00:00 0 
7ea5c4021000-7ea5c8000000 ---p 00000000 00:00 0 
7ea5c8000000-7ea5c8001000 r--p 00000000 103:02 24030                     /usr/lib/gdk-pixbuf-2.0/2.10.0/loaders/libpixbufloader-svg.so
7ea5c8001000-7ea5c8002000 r-xp 00001000 103:02 24030                     /usr/lib/gdk-pixbuf-2.0/2.10.0/loaders/libpixbufloader-svg.so
7ea5c8002000-7ea5c8003000 r--p 00002000 103:02 24030                     /usr/lib/gdk-pixbuf-2.0/2.10.0/loaders/libpixbufloader-svg.so
7ea5c8003000-7ea5c8004000 r--p 00002000 103:02 24030                     /usr/lib/gdk-pixbuf-2.0/2.10.0/loaders/libpixbufloader-svg.so
7ea5c8004000-7ea5c8005000 rw-p 00003000 103:02 24030                     /usr/lib/gdk-pixbuf-2.0/2.10.0/loaders/libpixbufloader-svg.so
7ea5c8005000-7ea5c8008000 r--p 00000000 103:02 468093                    /usr/lib/gtk-3.0/modules/libappmenu-gtk-module.so
7ea5c8008000-7ea5c800b000 r-xp 00003000 103:02 468093                    /usr/lib/gtk-3.0/modules/libappmenu-gtk-module.so
7ea5c800b000-7ea5c800d000 r--p 00006000 103:02 468093                    /usr/lib/gtk-3.0/modules/libappmenu-gtk-module.so
7ea5c800d000-7ea5c800e000 r--p 00007000 103:02 468093                    /usr/lib/gtk-3.0/modules/libappmenu-gtk-module.so
7ea5c800e000-7ea5c800f000 rw-p 00008000 103:02 468093                    /usr/lib/gtk-3.0/modules/libappmenu-gtk-module.so
7ea5c800f000-7ea5c8014000 r--p 00000000 103:02 67719425                  /usr/lib/libgcrypt.so.20.4.3
7ea5c8014000-7ea5c814c000 r-xp 00005000 103:02 67719425                  /usr/lib/libgcrypt.so.20.4.3
7ea5c814c000-7ea5c818b000 r--p 0013d000 103:02 67719425                  /usr/lib/libgcrypt.so.20.4.3
7ea5c818b000-7ea5c8190000 r--p 0017b000 103:02 67719425                  /usr/lib/libgcrypt.so.20.4.3
7ea5c8190000-7ea5c8194000 rw-p 00180000 103:02 67719425                  /usr/lib/libgcrypt.so.20.4.3
7ea5c8194000-7ea5c8195000 rw-p 00000000 00:00 0 
7ea5c8195000-7ea5c8198000 r--p 00000000 103:02 67126310                  /usr/lib/libcap.so.2.69
7ea5c8198000-7ea5c819e000 r-xp 00003000 103:02 67126310                  /usr/lib/libcap.so.2.69
7ea5c819e000-7ea5c81a0000 r--p 00009000 103:02 67126310                  /usr/lib/libcap.so.2.69
7ea5c81a0000-7ea5c81a1000 r--p 0000a000 103:02 67126310                  /usr/lib/libcap.so.2.69
7ea5c81a1000-7ea5c81a2000 rw-p 0000b000 103:02 67126310                  /usr/lib/libcap.so.2.69
7ea5c81a2000-7ea5c81b3000 r--p 00000000 103:02 70633663                  /usr/lib/libsystemd.so.0.38.0
7ea5c81b3000-7ea5c824a000 r-xp 00011000 103:02 70633663                  /usr/lib/libsystemd.so.0.38.0
7ea5c824a000-7ea5c8281000 r--p 000a8000 103:02 70633663                  /usr/lib/libsystemd.so.0.38.0
7ea5c8281000-7ea5c828d000 r--p 000de000 103:02 70633663                  /usr/lib/libsystemd.so.0.38.0
7ea5c828d000-7ea5c828e000 rw-p 000ea000 103:02 70633663                  /usr/lib/libsystemd.so.0.38.0
7ea5c828e000-7ea5c828f000 rw-p 00000000 00:00 0 
7ea5c828f000-7ea5c8298000 r--p 00000000 103:02 67128636                  /usr/lib/libsqlite3.so.0.8.6
7ea5c8298000-7ea5c842f000 r-xp 00009000 103:02 67128636                  /usr/lib/libsqlite3.so.0.8.6
7ea5c842f000-7ea5c8463000 r--p 001a0000 103:02 67128636                  /usr/lib/libsqlite3.so.0.8.6
7ea5c8463000-7ea5c8467000 r--p 001d3000 103:02 67128636                  /usr/lib/libsqlite3.so.0.8.6
7ea5c8467000-7ea5c846b000 rw-p 001d7000 103:02 67128636                  /usr/lib/libsqlite3.so.0.8.6
7ea5c846b000-7ea5c846c000 rw-p 00000000 00:00 0 
7ea5c846c000-7ea5c848d000 r--p 00000000 103:02 68345249                  /usr/lib/libxml2.so.2.12.6
7ea5c848d000-7ea5c859d000 r-xp 00021000 103:02 68345249                  /usr/lib/libxml2.so.2.12.6
7ea5c859d000-7ea5c85ed000 r--p 00131000 103:02 68345249                  /usr/lib/libxml2.so.2.12.6
7ea5c85ed000-7ea5c85f8000 r--p 00180000 103:02 68345249                  /usr/lib/libxml2.so.2.12.6
7ea5c85f8000-7ea5c85f9000 rw-p 0018b000 103:02 68345249                  /usr/lib/libxml2.so.2.12.6
7ea5c85f9000-7ea5c85fa000 rw-p 00000000 00:00 0 
7ea5c85fa000-7ea5c8603000 r--p 00000000 103:02 69326913                  /usr/lib/libjson-glib-1.0.so.0.800.0
7ea5c8603000-7ea5c861a000 r-xp 00009000 103:02 69326913                  /usr/lib/libjson-glib-1.0.so.0.800.0
7ea5c861a000-7ea5c8623000 r--p 00020000 103:02 69326913                  /usr/lib/libjson-glib-1.0.so.0.800.0
7ea5c8623000-7ea5c8624000 r--p 00029000 103:02 69326913                  /usr/lib/libjson-glib-1.0.so.0.800.0
7ea5c8624000-7ea5c8625000 rw-p 0002a000 103:02 69326913                  /usr/lib/libjson-glib-1.0.so.0.800.0
7ea5c8625000-7ea5c8633000 r--p 00000000 103:02 68556016                  /usr/lib/libdbus-1.so.3.32.4
7ea5c8633000-7ea5c866a000 r-xp 0000e000 103:02 68556016                  /usr/lib/libdbus-1.so.3.32.4
7ea5c866a000-7ea5c867c000 r--p 00045000 103:02 68556016                  /usr/lib/libdbus-1.so.3.32.4
7ea5c867c000-7ea5c867e000 r--p 00056000 103:02 68556016                  /usr/lib/libdbus-1.so.3.32.4
7ea5c867e000-7ea5c867f000 rw-p 00058000 103:02 68556016                  /usr/lib/libdbus-1.so.3.32.4
7ea5c867f000-7ea5c868c000 r--p 00000000 103:02 71156652                  /usr/lib/libatspi.so.0.0.1
7ea5c868c000-7ea5c86a3000 r-xp 0000d000 103:02 71156652                  /usr/lib/libatspi.so.0.0.1
7ea5c86a3000-7ea5c86b0000 r--p 00024000 103:02 71156652                  /usr/lib/libatspi.so.0.0.1
7ea5c86b0000-7ea5c86b4000 r--p 00031000 103:02 71156652                  /usr/lib/libatspi.so.0.0.1
7ea5c86b4000-7ea5c86b5000 rw-p 00035000 103:02 71156652                  /usr/lib/libatspi.so.0.0.1
7ea5c86b5000-7ea5c86c6000 r--p 00000000 103:02 68540192                  /usr/lib/libtracker-sparql-3.0.so.0.701.0
7ea5c86c6000-7ea5c8751000 r-xp 00011000 103:02 68540192                  /usr/lib/libtracker-sparql-3.0.so.0.701.0
7ea5c8751000-7ea5c878c000 r--p 0009c000 103:02 68540192                  /usr/lib/libtracker-sparql-3.0.so.0.701.0
7ea5c878c000-7ea5c879a000 r--p 000d6000 103:02 68540192                  /usr/lib/libtracker-sparql-3.0.so.0.701.0
7ea5c879a000-7ea5c879b000 rw-p 000e4000 103:02 68540192                  /usr/lib/libtracker-sparql-3.0.so.0.701.0
7ea5c879b000-7ea5c87a2000 r--p 00000000 103:02 71179906                  /usr/lib/libcloudproviders.so.0.3.6
7ea5c87a2000-7ea5c87ac000 r-xp 00007000 103:02 71179906                  /usr/lib/libcloudproviders.so.0.3.6
7ea5c87ac000-7ea5c87b2000 r--p 00011000 103:02 71179906                  /usr/lib/libcloudproviders.so.0.3.6
7ea5c87b2000-7ea5c87b3000 r--p 00017000 103:02 71179906                  /usr/lib/libcloudproviders.so.0.3.6
7ea5c87b3000-7ea5c87b4000 rw-p 00018000 103:02 71179906                  /usr/lib/libcloudproviders.so.0.3.6
7ea5c87b4000-7ea5c87bf000 r--p 00000000 103:02 70457590                  /usr/lib/libatk-bridge-2.0.so.0.0.0
7ea5c87bf000-7ea5c87d7000 r-xp 0000b000 103:02 70457590                  /usr/lib/libatk-bridge-2.0.so.0.0.0
7ea5c87d7000-7ea5c87ec000 r--p 00023000 103:02 70457590                  /usr/lib/libatk-bridge-2.0.so.0.0.0
7ea5c87ec000-7ea5c87ee000 r--p 00037000 103:02 70457590                  /usr/lib/libatk-bridge-2.0.so.0.0.0
7ea5c87ee000-7ea5c87f0000 rw-p 00039000 103:02 70457590                  /usr/lib/libatk-bridge-2.0.so.0.0.0
7ea5c87f0000-7ea5c87f8000 r--p 00000000 103:02 69527487                  /usr/lib/libatk-1.0.so.0.25209.1
7ea5c87f8000-7ea5c8807000 r-xp 00008000 103:02 69527487                  /usr/lib/libatk-1.0.so.0.25209.1
7ea5c8807000-7ea5c8813000 r--p 00017000 103:02 69527487                  /usr/lib/libatk-1.0.so.0.25209.1
7ea5c8813000-7ea5c8816000 r--p 00022000 103:02 69527487                  /usr/lib/libatk-1.0.so.0.25209.1
7ea5c8816000-7ea5c8817000 rw-p 00025000 103:02 69527487                  /usr/lib/libatk-1.0.so.0.25209.1
7ea5c8817000-7ea5c8818000 r--p 00000000 103:02 81649488                  /usr/lib/libbrotlicommon.so.1.1.0
7ea5c8818000-7ea5c8819000 r-xp 00001000 103:02 81649488                  /usr/lib/libbrotlicommon.so.1.1.0
7ea5c8819000-7ea5c8838000 r--p 00002000 103:02 81649488                  /usr/lib/libbrotlicommon.so.1.1.0
7ea5c8838000-7ea5c8839000 r--p 00021000 103:02 81649488                  /usr/lib/libbrotlicommon.so.1.1.0
7ea5c8839000-7ea5c883a000 rw-p 00022000 103:02 81649488                  /usr/lib/libbrotlicommon.so.1.1.0
7ea5c883a000-7ea5c883f000 r--p 00000000 103:02 67126057                  /usr/lib/libblkid.so.1.1.0
7ea5c883f000-7ea5c886a000 r-xp 00005000 103:02 67126057                  /usr/lib/libblkid.so.1.1.0
7ea5c886a000-7ea5c8874000 r--p 00030000 103:02 67126057                  /usr/lib/libblkid.so.1.1.0
7ea5c8874000-7ea5c887a000 r--p 0003a000 103:02 67126057                  /usr/lib/libblkid.so.1.1.0
7ea5c887a000-7ea5c887b000 rw-p 00040000 103:02 67126057                  /usr/lib/libblkid.so.1.1.0
7ea5c887b000-7ea5c887e000 r--p 00000000 103:02 71294310                  /usr/lib/libgraphite2.so.3.2.1
7ea5c887e000-7ea5c8896000 r-xp 00003000 103:02 71294310                  /usr/lib/libgraphite2.so.3.2.1
7ea5c8896000-7ea5c889b000 r--p 0001b000 103:02 71294310                  /usr/lib/libgraphite2.so.3.2.1
7ea5c889b000-7ea5c889d000 r--p 0001f000 103:02 71294310                  /usr/lib/libgraphite2.so.3.2.1
7ea5c889d000-7ea5c889e000 rw-p 00021000 103:02 71294310                  /usr/lib/libgraphite2.so.3.2.1
7ea5c889e000-7ea5c88a0000 r--p 00000000 103:02 70997174                  /usr/lib/libdatrie.so.1.4.0
7ea5c88a0000-7ea5c88a4000 r-xp 00002000 103:02 70997174                  /usr/lib/libdatrie.so.1.4.0
7ea5c88a4000-7ea5c88a5000 r--p 00006000 103:02 70997174                  /usr/lib/libdatrie.so.1.4.0
7ea5c88a5000-7ea5c88a6000 r--p 00006000 103:02 70997174                  /usr/lib/libdatrie.so.1.4.0
7ea5c88a6000-7ea5c88a7000 rw-p 00007000 103:02 70997174                  /usr/lib/libdatrie.so.1.4.0
7ea5c88a7000-7ea5c88a9000 r--p 00000000 103:02 70633869                  /usr/lib/libXdmcp.so.6.0.0
7ea5c88a9000-7ea5c88ab000 r-xp 00002000 103:02 70633869                  /usr/lib/libXdmcp.so.6.0.0
7ea5c88ab000-7ea5c88ad000 r--p 00004000 103:02 70633869                  /usr/lib/libXdmcp.so.6.0.0
7ea5c88ad000-7ea5c88ae000 r--p 00005000 103:02 70633869                  /usr/lib/libXdmcp.so.6.0.0
7ea5c88ae000-7ea5c88af000 rw-p 00006000 103:02 70633869                  /usr/lib/libXdmcp.so.6.0.0
7ea5c88af000-7ea5c88b0000 r--p 00000000 103:02 67125764                  /usr/lib/libXau.so.6.0.0
7ea5c88b0000-7ea5c88b1000 r-xp 00001000 103:02 67125764                  /usr/lib/libXau.so.6.0.0
7ea5c88b1000-7ea5c88b2000 r--p 00002000 103:02 67125764                  /usr/lib/libXau.so.6.0.0
7ea5c88b2000-7ea5c88b3000 r--p 00002000 103:02 67125764                  /usr/lib/libXau.so.6.0.0
7ea5c88b3000-7ea5c88b4000 rw-p 00003000 103:02 67125764                  /usr/lib/libXau.so.6.0.0
7ea5c88b4000-7ea5c88b5000 r--p 00000000 103:02 82366365                  /usr/lib/libbrotlidec.so.1.1.0
7ea5c88b5000-7ea5c88be000 r-xp 00001000 103:02 82366365                  /usr/lib/libbrotlidec.so.1.1.0
7ea5c88be000-7ea5c88c1000 r--p 0000a000 103:02 82366365                  /usr/lib/libbrotlidec.so.1.1.0
7ea5c88c1000-7ea5c88c2000 r--p 0000c000 103:02 82366365                  /usr/lib/libbrotlidec.so.1.1.0
7ea5c88c2000-7ea5c88c3000 rw-p 0000d000 103:02 82366365                  /usr/lib/libbrotlidec.so.1.1.0
7ea5c88c3000-7ea5c88c5000 r--p 00000000 103:02 68345264                  /usr/lib/libbz2.so.1.0.8
7ea5c88c5000-7ea5c88d2000 r-xp 00002000 103:02 68345264                  /usr/lib/libbz2.so.1.0.8
7ea5c88d2000-7ea5c88d4000 r--p 0000f000 103:02 68345264                  /usr/lib/libbz2.so.1.0.8
7ea5c88d4000-7ea5c88d5000 r--p 00010000 103:02 68345264                  /usr/lib/libbz2.so.1.0.8
7ea5c88d5000-7ea5c88d6000 rw-p 00011000 103:02 68345264                  /usr/lib/libbz2.so.1.0.8
7ea5c88d6000-7ea5c88d7000 r--p 00000000 103:02 67125974                  /usr/lib/libjbig.so.2.1
7ea5c88d7000-7ea5c88e0000 r-xp 00001000 103:02 67125974                  /usr/lib/libjbig.so.2.1
7ea5c88e0000-7ea5c88e1000 r--p 0000a000 103:02 67125974                  /usr/lib/libjbig.so.2.1
7ea5c88e1000-7ea5c88e2000 r--p 0000b000 103:02 67125974                  /usr/lib/libjbig.so.2.1
7ea5c88e2000-7ea5c88e5000 rw-p 0000c000 103:02 67125974                  /usr/lib/libjbig.so.2.1
7ea5c88e5000-7ea5c88e8000 r--p 00000000 103:02 70226320                  /usr/lib/liblzma.so.5.6.1
7ea5c88e8000-7ea5c8917000 r-xp 00003000 103:02 70226320                  /usr/lib/liblzma.so.5.6.1
7ea5c8917000-7ea5c8921000 r--p 00032000 103:02 70226320                  /usr/lib/liblzma.so.5.6.1
7ea5c8921000-7ea5c8922000 r--p 0003c000 103:02 70226320                  /usr/lib/liblzma.so.5.6.1
7ea5c8922000-7ea5c8923000 rw-p 0003d000 103:02 70226320                  /usr/lib/liblzma.so.5.6.1
7ea5c8923000-7ea5c892f000 r--p 00000000 103:02 72013154                  /usr/lib/libzstd.so.1.5.5
7ea5c892f000-7ea5c8a18000 r-xp 0000c000 103:02 72013154                  /usr/lib/libzstd.so.1.5.5
7ea5c8a18000-7ea5c8a2b000 r--p 000f5000 103:02 72013154                  /usr/lib/libzstd.so.1.5.5
7ea5c8a2b000-7ea5c8a2c000 r--p 00108000 103:02 72013154                  /usr/lib/libzstd.so.1.5.5
7ea5c8a2c000-7ea5c8a2d000 rw-p 00109000 103:02 72013154                  /usr/lib/libzstd.so.1.5.5
7ea5c8a2d000-7ea5c8a35000 r--p 00000000 103:02 70269478                  /usr/lib/libpangoft2-1.0.so.0.5200.2
7ea5c8a35000-7ea5c8a41000 r-xp 00008000 103:02 70269478                  /usr/lib/libpangoft2-1.0.so.0.5200.2
7ea5c8a41000-7ea5c8a45000 r--p 00014000 103:02 70269478                  /usr/lib/libpangoft2-1.0.so.0.5200.2
7ea5c8a45000-7ea5c8a46000 r--p 00018000 103:02 70269478                  /usr/lib/libpangoft2-1.0.so.0.5200.2
7ea5c8a46000-7ea5c8a47000 rw-p 00019000 103:02 70269478                  /usr/lib/libpangoft2-1.0.so.0.5200.2
7ea5c8a47000-7ea5c8a50000 r--p 00000000 103:02 68555681                  /usr/lib/libmount.so.1.1.0
7ea5c8a50000-7ea5c8a8e000 r-xp 00009000 103:02 68555681                  /usr/lib/libmount.so.1.1.0
7ea5c8a8e000-7ea5c8a9d000 r--p 00047000 103:02 68555681                  /usr/lib/libmount.so.1.1.0
7ea5c8a9d000-7ea5c8a9f000 r--p 00055000 103:02 68555681                  /usr/lib/libmount.so.1.1.0
7ea5c8a9f000-7ea5c8aa0000 rw-p 00057000 103:02 68555681                  /usr/lib/libmount.so.1.1.0
7ea5c8aa0000-7ea5c8aa2000 r--p 00000000 103:02 69904474                  /usr/lib/libexpat.so.1.9.2
7ea5c8aa2000-7ea5c8ac2000 r-xp 00002000 103:02 69904474                  /usr/lib/libexpat.so.1.9.2
7ea5c8ac2000-7ea5c8aca000 r--p 00022000 103:02 69904474                  /usr/lib/libexpat.so.1.9.2
7ea5c8aca000-7ea5c8acc000 r--p 0002a000 103:02 69904474                  /usr/lib/libexpat.so.1.9.2
7ea5c8acc000-7ea5c8acd000 rw-p 0002c000 103:02 69904474                  /usr/lib/libexpat.so.1.9.2
7ea5c8acd000-7ea5c8ad9000 r--p 00000000 103:02 70226328                  /usr/lib/libharfbuzz.so.0.60840.0
7ea5c8ad9000-7ea5c8bc2000 r-xp 0000c000 103:02 70226328                  /usr/lib/libharfbuzz.so.0.60840.0
7ea5c8bc2000-7ea5c8bf6000 r--p 000f5000 103:02 70226328                  /usr/lib/libharfbuzz.so.0.60840.0
7ea5c8bf6000-7ea5c8bf7000 r--p 00129000 103:02 70226328                  /usr/lib/libharfbuzz.so.0.60840.0
7ea5c8bf7000-7ea5c8bf8000 rw-p 0012a000 103:02 70226328                  /usr/lib/libharfbuzz.so.0.60840.0
7ea5c8bf8000-7ea5c8bfc000 r--p 00000000 103:02 70985845                  /usr/lib/libpixman-1.so.0.43.4
7ea5c8bfc000-7ea5c8d04000 r-xp 00004000 103:02 70985845                  /usr/lib/libpixman-1.so.0.43.4
7ea5c8d04000-7ea5c8d17000 r--p 0010c000 103:02 70985845                  /usr/lib/libpixman-1.so.0.43.4
7ea5c8d17000-7ea5c8d1f000 r--p 0011e000 103:02 70985845                  /usr/lib/libpixman-1.so.0.43.4
7ea5c8d1f000-7ea5c8d20000 rw-p 00126000 103:02 70985845                  /usr/lib/libpixman-1.so.0.43.4
7ea5c8d20000-7ea5c8d26000 r--p 00000000 103:02 70526899                  /usr/lib/libxcb-render.so.0.0.0
7ea5c8d26000-7ea5c8d2c000 r-xp 00006000 103:02 70526899                  /usr/lib/libxcb-render.so.0.0.0
7ea5c8d2c000-7ea5c8d2e000 r--p 0000c000 103:02 70526899                  /usr/lib/libxcb-render.so.0.0.0
7ea5c8d2e000-7ea5c8d2f000 r--p 0000e000 103:02 70526899                  /usr/lib/libxcb-render.so.0.0.0
7ea5c8d2f000-7ea5c8d30000 rw-p 0000f000 103:02 70526899                  /usr/lib/libxcb-render.so.0.0.0
7ea5c8d30000-7ea5c8d3c000 r--p 00000000 103:02 70634535                  /usr/lib/libxcb.so.1.1.0
7ea5c8d3c000-7ea5c8d53000 r-xp 0000c000 103:02 70634535                  /usr/lib/libxcb.so.1.1.0
7ea5c8d53000-7ea5c8d5c000 r--p 00023000 103:02 70634535                  /usr/lib/libxcb.so.1.1.0
7ea5c8d5c000-7ea5c8d5d000 r--p 0002b000 103:02 70634535                  /usr/lib/libxcb.so.1.1.0
7ea5c8d5d000-7ea5c8d5e000 rw-p 0002c000 103:02 70634535                  /usr/lib/libxcb.so.1.1.0
7ea5c8d5e000-7ea5c8d6c000 r--p 00000000 103:02 86496033                  /usr/lib/libfreetype.so.6.20.1
7ea5c8d6c000-7ea5c8e29000 r-xp 0000e000 103:02 86496033                  /usr/lib/libfreetype.so.6.20.1
7ea5c8e29000-7ea5c8e53000 r--p 000cb000 103:02 86496033                  /usr/lib/libfreetype.so.6.20.1
7ea5c8e53000-7ea5c8e5b000 r--p 000f4000 103:02 86496033                  /usr/lib/libfreetype.so.6.20.1
7ea5c8e5b000-7ea5c8e5c000 rw-p 000fc000 103:02 86496033                  /usr/lib/libfreetype.so.6.20.1
7ea5c8e5c000-7ea5c8e5e000 r--p 00000000 103:02 67127441                  /usr/lib/libpcre2-8.so.0.12.0
7ea5c8e5e000-7ea5c8edb000 r-xp 00002000 103:02 67127441                  /usr/lib/libpcre2-8.so.0.12.0
7ea5c8edb000-7ea5c8f07000 r--p 0007f000 103:02 67127441                  /usr/lib/libpcre2-8.so.0.12.0
7ea5c8f07000-7ea5c8f08000 r--p 000ab000 103:02 67127441                  /usr/lib/libpcre2-8.so.0.12.0
7ea5c8f08000-7ea5c8f09000 rw-p 000ac000 103:02 67127441                  /usr/lib/libpcre2-8.so.0.12.0
7ea5c8f09000-7ea5c8f0f000 r--p 00000000 103:02 67125748                  /usr/lib/libtiff.so.6.0.2
7ea5c8f0f000-7ea5c8f81000 r-xp 00006000 103:02 67125748                  /usr/lib/libtiff.so.6.0.2
7ea5c8f81000-7ea5c8fb3000 r--p 00078000 103:02 67125748                  /usr/lib/libtiff.so.6.0.2
7ea5c8fb3000-7ea5c8fb8000 r--p 000a9000 103:02 67125748                  /usr/lib/libtiff.so.6.0.2
7ea5c8fb8000-7ea5c8fb9000 rw-p 000ae000 103:02 67125748                  /usr/lib/libtiff.so.6.0.2
7ea5c8fb9000-7ea5c8fbe000 r--p 00000000 103:02 69298172                  /usr/lib/libjpeg.so.8.3.2
7ea5c8fbe000-7ea5c907a000 r-xp 00005000 103:02 69298172                  /usr/lib/libjpeg.so.8.3.2
7ea5c907a000-7ea5c90a2000 r--p 000c1000 103:02 69298172                  /usr/lib/libjpeg.so.8.3.2
7ea5c90a2000-7ea5c90a3000 r--p 000e9000 103:02 69298172                  /usr/lib/libjpeg.so.8.3.2
7ea5c90a3000-7ea5c90a4000 rw-p 000ea000 103:02 69298172                  /usr/lib/libjpeg.so.8.3.2
7ea5c90a4000-7ea5c90aa000 r--p 00000000 103:02 67126192                  /usr/lib/libpng16.so.16.43.0
7ea5c90aa000-7ea5c90e5000 r-xp 00006000 103:02 67126192                  /usr/lib/libpng16.so.16.43.0
7ea5c90e5000-7ea5c90f0000 r--p 00041000 103:02 67126192                  /usr/lib/libpng16.so.16.43.0
7ea5c90f0000-7ea5c90f1000 r--p 0004c000 103:02 67126192                  /usr/lib/libpng16.so.16.43.0
7ea5c90f1000-7ea5c90f2000 rw-p 0004d000 103:02 67126192                  /usr/lib/libpng16.so.16.43.0
7ea5c90f2000-7ea5c9109000 r--p 00000000 103:02 69481507                  /usr/lib/libX11.so.6.4.0
7ea5c9109000-7ea5c9194000 r-xp 00017000 103:02 69481507                  /usr/lib/libX11.so.6.4.0
7ea5c9194000-7ea5c9229000 r--p 000a2000 103:02 69481507                  /usr/lib/libX11.so.6.4.0
7ea5c9229000-7ea5c922c000 r--p 00136000 103:02 69481507                  /usr/lib/libX11.so.6.4.0
7ea5c922c000-7ea5c9230000 rw-p 00139000 103:02 69481507                  /usr/lib/libX11.so.6.4.0
7ea5c9230000-7ea5c9261000 r--p 00000000 103:02 67719439                  /usr/lib/libgio-2.0.so.0.8000.0
7ea5c9261000-7ea5c9370000 r-xp 00031000 103:02 67719439                  /usr/lib/libgio-2.0.so.0.8000.0
7ea5c9370000-7ea5c93f2000 r--p 00140000 103:02 67719439                  /usr/lib/libgio-2.0.so.0.8000.0
7ea5c93f2000-7ea5c93fa000 r--p 001c2000 103:02 67719439                  /usr/lib/libgio-2.0.so.0.8000.0
7ea5c93fa000-7ea5c93fb000 rw-p 001ca000 103:02 67719439                  /usr/lib/libgio-2.0.so.0.8000.0
7ea5c93fb000-7ea5c93fd000 rw-p 00000000 00:00 0 
7ea5c93fd000-7ea5c9403000 r--p 00000000 103:02 67109308                  /usr/lib/libfontconfig.so.1.14.0
7ea5c9403000-7ea5c943e000 r-xp 00006000 103:02 67109308                  /usr/lib/libfontconfig.so.1.14.0
7ea5c943e000-7ea5c9456000 r--p 00041000 103:02 67109308                  /usr/lib/libfontconfig.so.1.14.0
7ea5c9456000-7ea5c9458000 r--p 00059000 103:02 67109308                  /usr/lib/libfontconfig.so.1.14.0
7ea5c9458000-7ea5c9459000 rw-p 0005b000 103:02 67109308                  /usr/lib/libfontconfig.so.1.14.0
7ea5c9459000-7ea5c94b8000 r--p 00000000 103:02 71539094                  /usr/lib/libepoxy.so.0.0.0
7ea5c94b8000-7ea5c9520000 r-xp 0005f000 103:02 71539094                  /usr/lib/libepoxy.so.0.0.0
7ea5c9520000-7ea5c957d000 r--p 000c7000 103:02 71539094                  /usr/lib/libepoxy.so.0.0.0
7ea5c957d000-7ea5c9585000 r--p 00123000 103:02 71539094                  /usr/lib/libepoxy.so.0.0.0
7ea5c9585000-7ea5c958c000 rw-p 0012b000 103:02 71539094                  /usr/lib/libepoxy.so.0.0.0
7ea5c958c000-7ea5c959a000 r--p 00000000 103:02 69815824                  /usr/lib/libpango-1.0.so.0.5200.2
7ea5c959a000-7ea5c95e0000 r-xp 0000e000 103:02 69815824                  /usr/lib/libpango-1.0.so.0.5200.2
7ea5c95e0000-7ea5c95fb000 r--p 00054000 103:02 69815824                  /usr/lib/libpango-1.0.so.0.5200.2
7ea5c95fb000-7ea5c95ff000 r--p 0006e000 103:02 69815824                  /usr/lib/libpango-1.0.so.0.5200.2
7ea5c95ff000-7ea5c9600000 rw-p 00072000 103:02 69815824                  /usr/lib/libpango-1.0.so.0.5200.2
7ea5c9600000-7ea5c9610000 r-xp 00000000 00:29 44504                      /opt/ApacheDirectoryStudio/plugins/org.eclipse.equinox.launcher.gtk.linux.x86_64_1.2.0.v20200915-1442/eclipse_11201.so
7ea5c9610000-7ea5c980f000 ---p 00010000 00:29 44504                      /opt/ApacheDirectoryStudio/plugins/org.eclipse.equinox.launcher.gtk.linux.x86_64_1.2.0.v20200915-1442/eclipse_11201.so
7ea5c980f000-7ea5c9810000 r--p 0000f000 00:29 44504                      /opt/ApacheDirectoryStudio/plugins/org.eclipse.equinox.launcher.gtk.linux.x86_64_1.2.0.v20200915-1442/eclipse_11201.so
7ea5c9810000-7ea5c9811000 rw-p 00010000 00:29 44504                      /opt/ApacheDirectoryStudio/plugins/org.eclipse.equinox.launcher.gtk.linux.x86_64_1.2.0.v20200915-1442/eclipse_11201.so
7ea5c9812000-7ea5c9814000 r--p 00000000 103:02 67993827                  /usr/lib/libthai.so.0.3.1
7ea5c9814000-7ea5c9818000 r-xp 00002000 103:02 67993827                  /usr/lib/libthai.so.0.3.1
7ea5c9818000-7ea5c981b000 r--p 00006000 103:02 67993827                  /usr/lib/libthai.so.0.3.1
7ea5c981b000-7ea5c981c000 r--p 00008000 103:02 67993827                  /usr/lib/libthai.so.0.3.1
7ea5c981c000-7ea5c981d000 rw-p 00009000 103:02 67993827                  /usr/lib/libthai.so.0.3.1
7ea5c981d000-7ea5c981f000 r--p 00000000 103:02 71498646                  /usr/lib/libXrender.so.1.3.0
7ea5c981f000-7ea5c9826000 r-xp 00002000 103:02 71498646                  /usr/lib/libXrender.so.1.3.0
7ea5c9826000-7ea5c9828000 r--p 00009000 103:02 71498646                  /usr/lib/libXrender.so.1.3.0
7ea5c9828000-7ea5c9829000 r--p 0000a000 103:02 71498646                  /usr/lib/libXrender.so.1.3.0
7ea5c9829000-7ea5c982a000 rw-p 0000b000 103:02 71498646                  /usr/lib/libXrender.so.1.3.0
7ea5c982a000-7ea5c9838000 r--p 00000000 103:02 67119785                  /usr/lib/libcairo.so.2.11800.0
7ea5c9838000-7ea5c9970000 r-xp 0000e000 103:02 67119785                  /usr/lib/libcairo.so.2.11800.0
7ea5c9970000-7ea5c99a6000 r--p 00146000 103:02 67119785                  /usr/lib/libcairo.so.2.11800.0
7ea5c99a6000-7ea5c99aa000 r--p 0017c000 103:02 67119785                  /usr/lib/libcairo.so.2.11800.0
7ea5c99aa000-7ea5c99ac000 rw-p 00180000 103:02 67119785                  /usr/lib/libcairo.so.2.11800.0
7ea5c99ac000-7ea5c99ad000 rw-p 00000000 00:00 0 
7ea5c99ad000-7ea5c99ca000 r--p 00000000 103:02 68990262                  /usr/lib/libglib-2.0.so.0.8000.0
7ea5c99ca000-7ea5c9a6a000 r-xp 0001d000 103:02 68990262                  /usr/lib/libglib-2.0.so.0.8000.0
7ea5c9a6a000-7ea5c9af7000 r--p 000bd000 103:02 68990262                  /usr/lib/libglib-2.0.so.0.8000.0
7ea5c9af7000-7ea5c9af8000 r--p 0014a000 103:02 68990262                  /usr/lib/libglib-2.0.so.0.8000.0
7ea5c9af8000-7ea5c9af9000 rw-p 0014b000 103:02 68990262                  /usr/lib/libglib-2.0.so.0.8000.0
7ea5c9af9000-7ea5c9afa000 rw-p 00000000 00:00 0 
7ea5c9afa000-7ea5c9b17000 r--p 00000000 103:02 71438750                  /usr/lib/libgdk-3.so.0.2409.32
7ea5c9b17000-7ea5c9bab000 r-xp 0001d000 103:02 71438750                  /usr/lib/libgdk-3.so.0.2409.32
7ea5c9bab000-7ea5c9bf4000 r--p 000b1000 103:02 71438750                  /usr/lib/libgdk-3.so.0.2409.32
7ea5c9bf4000-7ea5c9bfd000 r--p 000f9000 103:02 71438750                  /usr/lib/libgdk-3.so.0.2409.32
7ea5c9bfd000-7ea5c9bff000 rw-p 00102000 103:02 71438750                  /usr/lib/libgdk-3.so.0.2409.32
7ea5c9bff000-7ea5c9c03000 ---p 00000000 00:00 0 
7ea5c9c03000-7ea5c9cff000 rw-p 00000000 00:00 0 
7ea5c9cff000-7ea5c9d03000 ---p 00000000 00:00 0 
7ea5c9d03000-7ea5c9dff000 rw-p 00000000 00:00 0 
7ea5c9dff000-7ea5c9e03000 ---p 00000000 00:00 0 
7ea5c9e03000-7ea5c9eff000 rw-p 00000000 00:00 0 
7ea5c9eff000-7ea5c9f00000 ---p 00000000 00:00 0 
7ea5c9f00000-7ea5ca000000 rw-p 00000000 00:00 0 
7ea5ca000000-7ea5cc021000 rw-p 00000000 00:00 0 
7ea5cc021000-7ea5d0004000 ---p 00000000 00:00 0 
7ea5d0004000-7ea5d0100000 rw-p 00000000 00:00 0 
7ea5d0100000-7ea5d0104000 ---p 00000000 00:00 0 
7ea5d0104000-7ea5d0200000 rw-p 00000000 00:00 0 
7ea5d0200000-7ea5d0204000 ---p 00000000 00:00 0 
7ea5d0204000-7ea5d0300000 rw-p 00000000 00:00 0 
7ea5d0300000-7ea5d0304000 ---p 00000000 00:00 0 
7ea5d0304000-7ea5d0400000 rw-p 00000000 00:00 0 
7ea5d0400000-7ea5d0404000 ---p 00000000 00:00 0 
7ea5d0404000-7ea5d0500000 rw-p 00000000 00:00 0 
7ea5d0500000-7ea5d0504000 ---p 00000000 00:00 0 
7ea5d0504000-7ea5d0600000 rw-p 00000000 00:00 0 
7ea5d0600000-7ea5d0604000 ---p 00000000 00:00 0 
7ea5d0604000-7ea5d0700000 rw-p 00000000 00:00 0 
7ea5d0700000-7ea5d0704000 ---p 00000000 00:00 0 
7ea5d0704000-7ea5d0800000 rw-p 00000000 00:00 0 
7ea5d0800000-7ea5d0aec000 r--p 00000000 103:02 72823311                  /usr/lib/locale/locale-archive
7ea5d0aec000-7ea5d0aef000 r--s 00000000 00:28 36084                      /var/cache/fontconfig/d53ef91e42f3d9e7242ae8c76a7699b3-le64.cache-9
7ea5d0aef000-7ea5d0af2000 r--p 00000000 103:02 67928938                  /usr/lib/libxkbcommon.so.0.0.0
7ea5d0af2000-7ea5d0b16000 r-xp 00003000 103:02 67928938                  /usr/lib/libxkbcommon.so.0.0.0
7ea5d0b16000-7ea5d0b38000 r--p 00027000 103:02 67928938                  /usr/lib/libxkbcommon.so.0.0.0
7ea5d0b38000-7ea5d0b3a000 r--p 00048000 103:02 67928938                  /usr/lib/libxkbcommon.so.0.0.0
7ea5d0b3a000-7ea5d0b3b000 rw-p 0004a000 103:02 67928938                  /usr/lib/libxkbcommon.so.0.0.0
7ea5d0b3b000-7ea5d0b47000 r--p 00000000 103:02 72013146                  /usr/lib/libgobject-2.0.so.0.8000.0
7ea5d0b47000-7ea5d0b7d000 r-xp 0000c000 103:02 72013146                  /usr/lib/libgobject-2.0.so.0.8000.0
7ea5d0b7d000-7ea5d0b97000 r--p 00042000 103:02 72013146                  /usr/lib/libgobject-2.0.so.0.8000.0
7ea5d0b97000-7ea5d0b9a000 r--p 0005c000 103:02 72013146                  /usr/lib/libgobject-2.0.so.0.8000.0
7ea5d0b9a000-7ea5d0b9b000 rw-p 0005f000 103:02 72013146                  /usr/lib/libgobject-2.0.so.0.8000.0
7ea5d0b9b000-7ea5d0ba4000 r--p 00000000 103:02 69815831                  /usr/lib/libgdk_pixbuf-2.0.so.0.4200.10
7ea5d0ba4000-7ea5d0bd7000 r-xp 00009000 103:02 69815831                  /usr/lib/libgdk_pixbuf-2.0.so.0.4200.10
7ea5d0bd7000-7ea5d0be8000 r--p 0003c000 103:02 69815831                  /usr/lib/libgdk_pixbuf-2.0.so.0.4200.10
7ea5d0be8000-7ea5d0bea000 r--p 0004c000 103:02 69815831                  /usr/lib/libgdk_pixbuf-2.0.so.0.4200.10
7ea5d0bea000-7ea5d0beb000 rw-p 0004e000 103:02 69815831                  /usr/lib/libgdk_pixbuf-2.0.so.0.4200.10
7ea5d0beb000-7ea5d0bef000 ---p 00000000 00:00 0 
7ea5d0bef000-7ea5d0ceb000 rw-p 00000000 00:00 0 
7ea5d0ceb000-7ea5d0cef000 ---p 00000000 00:00 0 
7ea5d0cef000-7ea5d0deb000 rw-p 00000000 00:00 0 
7ea5d0deb000-7ea5d0def000 ---p 00000000 00:00 0 
7ea5d0def000-7ea5d0eeb000 rw-p 00000000 00:00 0 
7ea5d0eeb000-7ea5d0eec000 ---p 00000000 00:00 0 
7ea5d0eec000-7ea5d0fec000 rw-p 00000000 00:00 0 
7ea5d0fec000-7ea5d0fed000 ---p 00000000 00:00 0 
7ea5d0fed000-7ea5d10ed000 rw-p 00000000 00:00 0 
7ea5d10ed000-7ea5d10ee000 ---p 00000000 00:00 0 
7ea5d10ee000-7ea5d11ee000 rw-p 00000000 00:00 0 
7ea5d11ee000-7ea5d20fd000 rw-p 00000000 00:00 0 
7ea5d20fd000-7ea5d20fe000 ---p 00000000 00:00 0 
7ea5d20fe000-7ea5d21fe000 rw-p 00000000 00:00 0 
7ea5d21fe000-7ea5d21ff000 ---p 00000000 00:00 0 
7ea5d21ff000-7ea5d22ff000 rw-p 00000000 00:00 0 
7ea5d22ff000-7ea5d2300000 ---p 00000000 00:00 0 
7ea5d2300000-7ea5d2400000 rw-p 00000000 00:00 0 
7ea5d2400000-7ea5d2550000 rw-p 00000000 00:00 0 
7ea5d2550000-7ea5d2b30000 ---p 00000000 00:00 0 
7ea5d2b30000-7ea5d2b50000 rw-p 00000000 00:00 0 
7ea5d2b50000-7ea5d2bb0000 ---p 00000000 00:00 0 
7ea5d2bb0000-7ea5d2bc0000 rw-p 00000000 00:00 0 
7ea5d2bc0000-7ea5d9ff0000 ---p 00000000 00:00 0 
7ea5d9ff0000-7ea5d9ff3000 r--s 00000000 00:28 36080                      /var/cache/fontconfig/699564f050ff7e0f9dae359f33bc56a5-le64.cache-9
7ea5d9ff3000-7ea5d9ff5000 r--p 00000000 103:02 71180460                  /usr/lib/libffi.so.8.1.4
7ea5d9ff5000-7ea5d9ffc000 r-xp 00002000 103:02 71180460                  /usr/lib/libffi.so.8.1.4
7ea5d9ffc000-7ea5d9ffe000 r--p 00009000 103:02 71180460                  /usr/lib/libffi.so.8.1.4
7ea5d9ffe000-7ea5d9fff000 r--p 0000a000 103:02 71180460                  /usr/lib/libffi.so.8.1.4
7ea5d9fff000-7ea5da000000 rw-p 0000b000 103:02 71180460                  /usr/lib/libffi.so.8.1.4
7ea5da000000-7ea5da150000 rw-p 00000000 00:00 0 
7ea5da150000-7ea5da730000 ---p 00000000 00:00 0 
7ea5da730000-7ea5da750000 rw-p 00000000 00:00 0 
7ea5da750000-7ea5da7b0000 ---p 00000000 00:00 0 
7ea5da7b0000-7ea5da7c0000 rw-p 00000000 00:00 0 
7ea5da7c0000-7ea5e1bf0000 ---p 00000000 00:00 0 
7ea5e1bf1000-7ea5e1bf4000 r--s 00000000 00:28 39596                      /var/cache/fontconfig/6ba42ae0000f58711b5caaf10d690066-le64.cache-9
7ea5e1bf4000-7ea5e1bf5000 r--p 00000000 103:02 70633882                  /usr/lib/libxcb-shm.so.0.0.0
7ea5e1bf5000-7ea5e1bf6000 r-xp 00001000 103:02 70633882                  /usr/lib/libxcb-shm.so.0.0.0
7ea5e1bf6000-7ea5e1bf7000 r--p 00002000 103:02 70633882                  /usr/lib/libxcb-shm.so.0.0.0
7ea5e1bf7000-7ea5e1bf8000 r--p 00002000 103:02 70633882                  /usr/lib/libxcb-shm.so.0.0.0
7ea5e1bf8000-7ea5e1bf9000 rw-p 00003000 103:02 70633882                  /usr/lib/libxcb-shm.so.0.0.0
7ea5e1bf9000-7ea5e1bfb000 r--p 00000000 103:02 71825421                  /usr/lib/libgmodule-2.0.so.0.8000.0
7ea5e1bfb000-7ea5e1bfd000 r-xp 00002000 103:02 71825421                  /usr/lib/libgmodule-2.0.so.0.8000.0
7ea5e1bfd000-7ea5e1bfe000 r--p 00004000 103:02 71825421                  /usr/lib/libgmodule-2.0.so.0.8000.0
7ea5e1bfe000-7ea5e1bff000 r--p 00004000 103:02 71825421                  /usr/lib/libgmodule-2.0.so.0.8000.0
7ea5e1bff000-7ea5e1c00000 rw-p 00005000 103:02 71825421                  /usr/lib/libgmodule-2.0.so.0.8000.0
7ea5e1c00000-7ea5e1c2a000 rw-p 00000000 00:00 0 
7ea5e1c2a000-7ea5e1ce6000 ---p 00000000 00:00 0 
7ea5e1ce6000-7ea5e1cea000 rw-p 00000000 00:00 0 
7ea5e1cea000-7ea5e1cf6000 ---p 00000000 00:00 0 
7ea5e1cf6000-7ea5e1cf8000 rw-p 00000000 00:00 0 
7ea5e1cf8000-7ea5e2b7e000 ---p 00000000 00:00 0 
7ea5e2b80000-7ea5e2b82000 r--s 00000000 00:2c 137026                     /home/marlonsc/.cache/fontconfig/bfb830de4b3e0bf031b5adbbfd7ab8e8-le64.cache-9
7ea5e2b82000-7ea5e2b84000 r--p 00000000 103:02 67125424                  /usr/lib/libXrandr.so.2.2.0
7ea5e2b84000-7ea5e2b8d000 r-xp 00002000 103:02 67125424                  /usr/lib/libXrandr.so.2.2.0
7ea5e2b8d000-7ea5e2b8f000 r--p 0000b000 103:02 67125424                  /usr/lib/libXrandr.so.2.2.0
7ea5e2b8f000-7ea5e2b90000 r--p 0000c000 103:02 67125424                  /usr/lib/libXrandr.so.2.2.0
7ea5e2b90000-7ea5e2b91000 rw-p 0000d000 103:02 67125424                  /usr/lib/libXrandr.so.2.2.0
7ea5e2b91000-7ea5e2b95000 r--p 00000000 103:02 67217846                  /usr/lib/libXext.so.6.4.0
7ea5e2b95000-7ea5e2ba5000 r-xp 00004000 103:02 67217846                  /usr/lib/libXext.so.6.4.0
7ea5e2ba5000-7ea5e2ba9000 r--p 00014000 103:02 67217846                  /usr/lib/libXext.so.6.4.0
7ea5e2ba9000-7ea5e2baa000 r--p 00017000 103:02 67217846                  /usr/lib/libXext.so.6.4.0
7ea5e2baa000-7ea5e2bab000 rw-p 00018000 103:02 67217846                  /usr/lib/libXext.so.6.4.0
7ea5e2bac000-7ea5e2bad000 r--p 00000000 103:02 72013150                  /usr/lib/libgthread-2.0.so.0.8000.0
7ea5e2bad000-7ea5e2bae000 r-xp 00001000 103:02 72013150                  /usr/lib/libgthread-2.0.so.0.8000.0
7ea5e2bae000-7ea5e2baf000 r--p 00002000 103:02 72013150                  /usr/lib/libgthread-2.0.so.0.8000.0
7ea5e2baf000-7ea5e2bb0000 r--p 00002000 103:02 72013150                  /usr/lib/libgthread-2.0.so.0.8000.0
7ea5e2bb0000-7ea5e2bb1000 rw-p 00003000 103:02 72013150                  /usr/lib/libgthread-2.0.so.0.8000.0
7ea5e2bb1000-7ea5e2bb4000 r--p 00000000 103:02 67126698                  /usr/lib/libgnomekbd.so.8.0.0
7ea5e2bb4000-7ea5e2bb7000 r-xp 00003000 103:02 67126698                  /usr/lib/libgnomekbd.so.8.0.0
7ea5e2bb7000-7ea5e2bb9000 r--p 00006000 103:02 67126698                  /usr/lib/libgnomekbd.so.8.0.0
7ea5e2bb9000-7ea5e2bba000 r--p 00007000 103:02 67126698                  /usr/lib/libgnomekbd.so.8.0.0
7ea5e2bba000-7ea5e2bbb000 rw-p 00008000 103:02 67126698                  /usr/lib/libgnomekbd.so.8.0.0
7ea5e2bbb000-7ea5e2bbc000 r--p 00000000 103:02 1181321                   /usr/lib/gtk-3.0/modules/libxapp-gtk3-module.so
7ea5e2bbc000-7ea5e2bbd000 r-xp 00001000 103:02 1181321                   /usr/lib/gtk-3.0/modules/libxapp-gtk3-module.so
7ea5e2bbd000-7ea5e2bbe000 r--p 00002000 103:02 1181321                   /usr/lib/gtk-3.0/modules/libxapp-gtk3-module.so
7ea5e2bbe000-7ea5e2bbf000 r--p 00002000 103:02 1181321                   /usr/lib/gtk-3.0/modules/libxapp-gtk3-module.so
7ea5e2bbf000-7ea5e2bc0000 rw-p 00003000 103:02 1181321                   /usr/lib/gtk-3.0/modules/libxapp-gtk3-module.so
7ea5e2bc0000-7ea5e2be4000 r--p 00000000 103:02 72889370                  /usr/share/locale/pt/LC_MESSAGES/libc.mo
7ea5e2be4000-7ea5e2c00000 r--p 00000000 103:02 1863906                   /usr/share/locale/pt_BR/LC_MESSAGES/gtk30.mo
7ea5e2c00000-7ea5e2c2a000 rw-p 00000000 00:00 0 
7ea5e2c2a000-7ea5e2ce6000 ---p 00000000 00:00 0 
7ea5e2ce6000-7ea5e2cea000 rw-p 00000000 00:00 0 
7ea5e2cea000-7ea5e2cf6000 ---p 00000000 00:00 0 
7ea5e2cf6000-7ea5e2cf8000 rw-p 00000000 00:00 0 
7ea5e2cf8000-7ea5e3b7e000 ---p 00000000 00:00 0 
7ea5e3b7f000-7ea5e3c2a000 rw-p 00000000 00:00 0 
7ea5e3c2a000-7ea5e3ce6000 ---p 00000000 00:00 0 
7ea5e3ce6000-7ea5e3cea000 rw-p 00000000 00:00 0 
7ea5e3cea000-7ea5e3cf6000 ---p 00000000 00:00 0 
7ea5e3cf6000-7ea5e3cf8000 rw-p 00000000 00:00 0 
7ea5e3cf8000-7ea5e4b7e000 ---p 00000000 00:00 0 
7ea5e4b7e000-7ea5e4b7f000 r--s 00000000 00:05 1133                       /dev/nvidiactl
7ea5e4b7f000-7ea5e4b80000 r--p 00000000 103:02 67126060                  /usr/lib/libXinerama.so.1.0.0
7ea5e4b80000-7ea5e4b81000 r-xp 00001000 103:02 67126060                  /usr/lib/libXinerama.so.1.0.0
7ea5e4b81000-7ea5e4b82000 r--p 00002000 103:02 67126060                  /usr/lib/libXinerama.so.1.0.0
7ea5e4b82000-7ea5e4b83000 r--p 00002000 103:02 67126060                  /usr/lib/libXinerama.so.1.0.0
7ea5e4b83000-7ea5e4b84000 rw-p 00003000 103:02 67126060                  /usr/lib/libXinerama.so.1.0.0
7ea5e4b84000-7ea5e4b86000 r--p 00000000 103:02 84697999                  /usr/lib/libXfixes.so.3.1.0
7ea5e4b86000-7ea5e4b89000 r-xp 00002000 103:02 84697999                  /usr/lib/libXfixes.so.3.1.0
7ea5e4b89000-7ea5e4b8a000 r--p 00005000 103:02 84697999                  /usr/lib/libXfixes.so.3.1.0
7ea5e4b8a000-7ea5e4b8b000 r--p 00006000 103:02 84697999                  /usr/lib/libXfixes.so.3.1.0
7ea5e4b8b000-7ea5e4b8c000 rw-p 00007000 103:02 84697999                  /usr/lib/libXfixes.so.3.1.0
7ea5e4b8c000-7ea5e4b8f000 r--p 00000000 103:02 72141619                  /usr/lib/libXi.so.6.1.0
7ea5e4b8f000-7ea5e4b9d000 r-xp 00003000 103:02 72141619                  /usr/lib/libXi.so.6.1.0
7ea5e4b9d000-7ea5e4ba0000 r--p 00011000 103:02 72141619                  /usr/lib/libXi.so.6.1.0
7ea5e4ba0000-7ea5e4ba1000 r--p 00013000 103:02 72141619                  /usr/lib/libXi.so.6.1.0
7ea5e4ba1000-7ea5e4ba2000 rw-p 00014000 103:02 72141619                  /usr/lib/libXi.so.6.1.0
7ea5e4ba2000-7ea5e5400000 rw-p 00000000 00:00 0 
7ea5e5400000-7ea5e6240000 rwxp 00000000 00:00 0 
7ea5e6240000-7ea5ec85f000 ---p 00000000 00:00 0 
7ea5ec85f000-7ea5ecb7f000 rwxp 00000000 00:00 0 
7ea5ecb7f000-7ea5ecfa0000 ---p 00000000 00:00 0 
7ea5ecfa0000-7ea5ed3c0000 rwxp 00000000 00:00 0 
7ea5ed3c0000-7ea5f4400000 ---p 00000000 00:00 0 
7ea5f4400000-7ea5fbfd0000 r--s 00000000 103:02 4327245                   /usr/lib/jvm/java-17-openjdk/lib/modules
7ea5fbfd0000-7ea5fbfd1000 r-xp 00000000 00:00 0 
7ea5fbfd1000-7ea5fbfd2000 r--p 00000000 103:02 68085662                  /usr/lib/libXcomposite.so.1.0.0
7ea5fbfd2000-7ea5fbfd3000 r-xp 00001000 103:02 68085662                  /usr/lib/libXcomposite.so.1.0.0
7ea5fbfd3000-7ea5fbfd4000 r--p 00002000 103:02 68085662                  /usr/lib/libXcomposite.so.1.0.0
7ea5fbfd4000-7ea5fbfd5000 r--p 00002000 103:02 68085662                  /usr/lib/libXcomposite.so.1.0.0
7ea5fbfd5000-7ea5fbfd6000 rw-p 00003000 103:02 68085662                  /usr/lib/libXcomposite.so.1.0.0
7ea5fbfd6000-7ea5fbfd9000 r--p 00000000 103:02 67126071                  /usr/lib/libXcursor.so.1.0.2
7ea5fbfd9000-7ea5fbfe0000 r-xp 00003000 103:02 67126071                  /usr/lib/libXcursor.so.1.0.2
7ea5fbfe0000-7ea5fbfe2000 r--p 0000a000 103:02 67126071                  /usr/lib/libXcursor.so.1.0.2
7ea5fbfe2000-7ea5fbfe3000 r--p 0000b000 103:02 67126071                  /usr/lib/libXcursor.so.1.0.2
7ea5fbfe3000-7ea5fbfe4000 rw-p 0000c000 103:02 67126071                  /usr/lib/libXcursor.so.1.0.2
7ea5fbfe4000-7ea5fbfe6000 r--p 00000000 103:02 67127908                  /usr/lib/libwayland-cursor.so.0.22.0
7ea5fbfe6000-7ea5fbfe8000 r-xp 00002000 103:02 67127908                  /usr/lib/libwayland-cursor.so.0.22.0
7ea5fbfe8000-7ea5fbfe9000 r--p 00004000 103:02 67127908                  /usr/lib/libwayland-cursor.so.0.22.0
7ea5fbfe9000-7ea5fbfea000 r--p 00004000 103:02 67127908                  /usr/lib/libwayland-cursor.so.0.22.0
7ea5fbfea000-7ea5fbfee000 rw-p 00005000 103:02 67127908                  /usr/lib/libwayland-cursor.so.0.22.0
7ea5fbfee000-7ea5fbff4000 r--p 00000000 103:02 67127905                  /usr/lib/libwayland-client.so.0.22.0
7ea5fbff4000-7ea5fbffb000 r-xp 00006000 103:02 67127905                  /usr/lib/libwayland-client.so.0.22.0
7ea5fbffb000-7ea5fbffd000 r--p 0000d000 103:02 67127905                  /usr/lib/libwayland-client.so.0.22.0
7ea5fbffd000-7ea5fbfff000 r--p 0000f000 103:02 67127905                  /usr/lib/libwayland-client.so.0.22.0
7ea5fbfff000-7ea5fc000000 rw-p 00011000 103:02 67127905                  /usr/lib/libwayland-client.so.0.22.0
7ea5fc000000-7ea5fe6c1000 rw-p 00000000 00:00 0 
7ea5fe6c1000-7ea600000000 ---p 00000000 00:00 0 
7ea600000000-7ea600001000 r--p 00000000 103:02 67126335                  /usr/lib/libXdamage.so.1.1.0
7ea600001000-7ea600002000 r-xp 00001000 103:02 67126335                  /usr/lib/libXdamage.so.1.1.0
7ea600002000-7ea600003000 r--p 00002000 103:02 67126335                  /usr/lib/libXdamage.so.1.1.0
7ea600003000-7ea600004000 r--p 00002000 103:02 67126335                  /usr/lib/libXdamage.so.1.1.0
7ea600004000-7ea600005000 rw-p 00003000 103:02 67126335                  /usr/lib/libXdamage.so.1.1.0
7ea600005000-7ea600007000 r--p 00000000 103:02 70633496                  /usr/lib/libfribidi.so.0.4.0
7ea600007000-7ea60000d000 r-xp 00002000 103:02 70633496                  /usr/lib/libfribidi.so.0.4.0
7ea60000d000-7ea600024000 r--p 00008000 103:02 70633496                  /usr/lib/libfribidi.so.0.4.0
7ea600024000-7ea600025000 r--p 0001e000 103:02 70633496                  /usr/lib/libfribidi.so.0.4.0
7ea600025000-7ea600026000 rw-p 0001f000 103:02 70633496                  /usr/lib/libfribidi.so.0.4.0
7ea600026000-7ea600837000 rw-p 00000000 00:00 0 
7ea600837000-7ea600917000 ---p 00000000 00:00 0 
7ea600917000-7ea600934000 rw-p 00000000 00:00 0 
7ea600934000-7ea600a00000 ---p 00000000 00:00 0 
7ea600a00000-7ea600a97000 r--p 00000000 103:02 71509870                  /usr/lib/libstdc++.so.6.0.32
7ea600a97000-7ea600c0b000 r-xp 00097000 103:02 71509870                  /usr/lib/libstdc++.so.6.0.32
7ea600c0b000-7ea600ca0000 r--p 0020b000 103:02 71509870                  /usr/lib/libstdc++.so.6.0.32
7ea600ca0000-7ea600cad000 r--p 0029f000 103:02 71509870                  /usr/lib/libstdc++.so.6.0.32
7ea600cad000-7ea600cae000 rw-p 002ac000 103:02 71509870                  /usr/lib/libstdc++.so.6.0.32
7ea600cae000-7ea600cb2000 rw-p 00000000 00:00 0 
7ea600cb2000-7ea600cb3000 r-xp 00000000 00:00 0 
7ea600cb3000-7ea600cb8000 r--p 00000000 103:02 70269474                  /usr/lib/libpangocairo-1.0.so.0.5200.2
7ea600cb8000-7ea600cbf000 r-xp 00005000 103:02 70269474                  /usr/lib/libpangocairo-1.0.so.0.5200.2
7ea600cbf000-7ea600cc1000 r--p 0000c000 103:02 70269474                  /usr/lib/libpangocairo-1.0.so.0.5200.2
7ea600cc1000-7ea600cc2000 r--p 0000e000 103:02 70269474                  /usr/lib/libpangocairo-1.0.so.0.5200.2
7ea600cc2000-7ea600cc3000 rw-p 0000f000 103:02 70269474                  /usr/lib/libpangocairo-1.0.so.0.5200.2
7ea600cc3000-7ea600ce8000 r--p 00000000 103:02 802328                    /usr/share/locale/pt_BR/LC_MESSAGES/libc.mo
7ea600ce8000-7ea600cec000 r--p 00000000 103:02 4327166                   /usr/lib/jvm/java-17-openjdk/lib/libnet.so
7ea600cec000-7ea600cfa000 r-xp 00004000 103:02 4327166                   /usr/lib/jvm/java-17-openjdk/lib/libnet.so
7ea600cfa000-7ea600cfe000 r--p 00012000 103:02 4327166                   /usr/lib/jvm/java-17-openjdk/lib/libnet.so
7ea600cfe000-7ea600cff000 r--p 00015000 103:02 4327166                   /usr/lib/jvm/java-17-openjdk/lib/libnet.so
7ea600cff000-7ea600d00000 rw-p 00016000 103:02 4327166                   /usr/lib/jvm/java-17-openjdk/lib/libnet.so
7ea600d00000-7ea600d04000 ---p 00000000 00:00 0 
7ea600d04000-7ea600e00000 rw-p 00000000 00:00 0 
7ea600e00000-7ea600e0d000 r--p 00000000 103:02 206582819                 /usr/lib/jvm/java-17-openjdk/lib/server/libjvm.so
7ea600e0d000-7ea601f60000 r-xp 0000d000 103:02 206582819                 /usr/lib/jvm/java-17-openjdk/lib/server/libjvm.so
7ea601f60000-7ea602163000 r--p 01160000 103:02 206582819                 /usr/lib/jvm/java-17-openjdk/lib/server/libjvm.so
7ea602163000-7ea602220000 r--p 01362000 103:02 206582819                 /usr/lib/jvm/java-17-openjdk/lib/server/libjvm.so
7ea602220000-7ea60224a000 rw-p 0141f000 103:02 206582819                 /usr/lib/jvm/java-17-openjdk/lib/server/libjvm.so
7ea60224a000-7ea6022a2000 rw-p 00000000 00:00 0 
7ea6022a2000-7ea6022a4000 rw-p 00000000 00:00 0 
7ea6022a4000-7ea6022a5000 r--p 00000000 103:02 73220018                  /usr/lib/libwayland-egl.so.1.22.0
7ea6022a5000-7ea6022a6000 r-xp 00001000 103:02 73220018                  /usr/lib/libwayland-egl.so.1.22.0
7ea6022a6000-7ea6022a7000 r--p 00002000 103:02 73220018                  /usr/lib/libwayland-egl.so.1.22.0
7ea6022a7000-7ea6022a8000 r--p 00002000 103:02 73220018                  /usr/lib/libwayland-egl.so.1.22.0
7ea6022a8000-7ea6022a9000 rw-p 00003000 103:02 73220018                  /usr/lib/libwayland-egl.so.1.22.0
7ea6022a9000-7ea6022ab000 r--p 00000000 103:02 68234156                  /usr/lib/libcairo-gobject.so.2.11800.0
7ea6022ab000-7ea6022ad000 r-xp 00002000 103:02 68234156                  /usr/lib/libcairo-gobject.so.2.11800.0
7ea6022ad000-7ea6022af000 r--p 00004000 103:02 68234156                  /usr/lib/libcairo-gobject.so.2.11800.0
7ea6022af000-7ea6022b1000 r--p 00006000 103:02 68234156                  /usr/lib/libcairo-gobject.so.2.11800.0
7ea6022b1000-7ea6022b2000 rw-p 00008000 103:02 68234156                  /usr/lib/libcairo-gobject.so.2.11800.0
7ea6022b2000-7ea6022b9000 r--p 00000000 103:02 4327235                   /usr/lib/jvm/java-17-openjdk/lib/libnio.so
7ea6022b9000-7ea6022c2000 r-xp 00007000 103:02 4327235                   /usr/lib/jvm/java-17-openjdk/lib/libnio.so
7ea6022c2000-7ea6022c7000 r--p 00010000 103:02 4327235                   /usr/lib/jvm/java-17-openjdk/lib/libnio.so
7ea6022c7000-7ea6022c8000 r--p 00014000 103:02 4327235                   /usr/lib/jvm/java-17-openjdk/lib/libnio.so
7ea6022c8000-7ea6022c9000 rw-p 00015000 103:02 4327235                   /usr/lib/jvm/java-17-openjdk/lib/libnio.so
7ea6022c9000-7ea60230a000 rw-p 00000000 00:00 0 
7ea60230a000-7ea602318000 r--p 00000000 103:02 67719361                  /usr/lib/libm.so.6
7ea602318000-7ea6023a4000 r-xp 0000e000 103:02 67719361                  /usr/lib/libm.so.6
7ea6023a4000-7ea6023fe000 r--p 0009a000 103:02 67719361                  /usr/lib/libm.so.6
7ea6023fe000-7ea6023ff000 r--p 000f3000 103:02 67719361                  /usr/lib/libm.so.6
7ea6023ff000-7ea602400000 rw-p 000f4000 103:02 67719361                  /usr/lib/libm.so.6
7ea602400000-7ea602424000 r--p 00000000 103:02 67127321                  /usr/lib/libc.so.6
7ea602424000-7ea6025a6000 r-xp 00024000 103:02 67127321                  /usr/lib/libc.so.6
7ea6025a6000-7ea6025fa000 r--p 001a6000 103:02 67127321                  /usr/lib/libc.so.6
7ea6025fa000-7ea6025fe000 r--p 001f9000 103:02 67127321                  /usr/lib/libc.so.6
7ea6025fe000-7ea602600000 rw-p 001fd000 103:02 67127321                  /usr/lib/libc.so.6
7ea602600000-7ea602608000 rw-p 00000000 00:00 0 
7ea602608000-7ea602609000 r--s 00000000 00:31 960                        /home/marlonsc/.local/share/mime/mime.cache
7ea602609000-7ea60260c000 r--p 00000000 103:02 72901072                  /usr/share/locale/pt/LC_MESSAGES/at-spi2-core.mo
7ea60260c000-7ea60260d000 r--p 00000000 103:02 67240071                  /usr/lib/libdl.so.2
7ea60260d000-7ea60260e000 r-xp 00001000 103:02 67240071                  /usr/lib/libdl.so.2
7ea60260e000-7ea60260f000 r--p 00002000 103:02 67240071                  /usr/lib/libdl.so.2
7ea60260f000-7ea602610000 r--p 00002000 103:02 67240071                  /usr/lib/libdl.so.2
7ea602610000-7ea602611000 rw-p 00003000 103:02 67240071                  /usr/lib/libdl.so.2
7ea602611000-7ea602613000 r--p 00000000 103:02 4327243                   /usr/lib/jvm/java-17-openjdk/lib/libzip.so
7ea602613000-7ea602618000 r-xp 00002000 103:02 4327243                   /usr/lib/jvm/java-17-openjdk/lib/libzip.so
7ea602618000-7ea60261a000 r--p 00007000 103:02 4327243                   /usr/lib/jvm/java-17-openjdk/lib/libzip.so
7ea60261a000-7ea60261b000 r--p 00008000 103:02 4327243                   /usr/lib/jvm/java-17-openjdk/lib/libzip.so
7ea60261b000-7ea60261c000 rw-p 00009000 103:02 4327243                   /usr/lib/jvm/java-17-openjdk/lib/libzip.so
7ea60261c000-7ea602698000 rw-p 00000000 00:00 0 
7ea602698000-7ea60269c000 r--p 00000000 103:02 67719539                  /usr/lib/libgcc_s.so.1
7ea60269c000-7ea6026bb000 r-xp 00004000 103:02 67719539                  /usr/lib/libgcc_s.so.1
7ea6026bb000-7ea6026bf000 r--p 00023000 103:02 67719539                  /usr/lib/libgcc_s.so.1
7ea6026bf000-7ea6026c0000 r--p 00026000 103:02 67719539                  /usr/lib/libgcc_s.so.1
7ea6026c0000-7ea6026c1000 rw-p 00027000 103:02 67719539                  /usr/lib/libgcc_s.so.1
7ea6026c1000-7ea6026c4000 rw-p 00000000 00:00 0 
7ea6026c4000-7ea6026c7000 r--p 00000000 103:02 68798038                  /usr/lib/libz.so.1.3.1
7ea6026c7000-7ea6026da000 r-xp 00003000 103:02 68798038                  /usr/lib/libz.so.1.3.1
7ea6026da000-7ea6026e1000 r--p 00016000 103:02 68798038                  /usr/lib/libz.so.1.3.1
7ea6026e1000-7ea6026e2000 r--p 0001c000 103:02 68798038                  /usr/lib/libz.so.1.3.1
7ea6026e2000-7ea6026e3000 rw-p 0001d000 103:02 68798038                  /usr/lib/libz.so.1.3.1
7ea6026e3000-7ea6026e6000 r--p 00000000 103:02 1805525                   /usr/share/locale/pt_BR/LC_MESSAGES/at-spi2-core.mo
7ea6026e6000-7ea6026e7000 r--s 00000000 00:54 12914                      /run/user/1000/dconf/user
7ea6026e7000-7ea6026e8000 r--p 00000000 103:02 67719525                  /usr/lib/libpthread.so.0
7ea6026e8000-7ea6026e9000 r-xp 00001000 103:02 67719525                  /usr/lib/libpthread.so.0
7ea6026e9000-7ea6026ea000 r--p 00002000 103:02 67719525                  /usr/lib/libpthread.so.0
7ea6026ea000-7ea6026eb000 r--p 00002000 103:02 67719525                  /usr/lib/libpthread.so.0
7ea6026eb000-7ea6026ec000 rw-p 00003000 103:02 67719525                  /usr/lib/libpthread.so.0
7ea6026ec000-7ea6026ed000 r--p 00000000 103:02 4327155                   /usr/lib/jvm/java-17-openjdk/lib/libjsvml.so
7ea6026ed000-7ea6026ee000 r-xp 00001000 103:02 4327155                   /usr/lib/jvm/java-17-openjdk/lib/libjsvml.so
7ea6026ee000-7ea6026ef000 r--p 00002000 103:02 4327155                   /usr/lib/jvm/java-17-openjdk/lib/libjsvml.so
7ea6026ef000-7ea6026f0000 r--p 00002000 103:02 4327155                   /usr/lib/jvm/java-17-openjdk/lib/libjsvml.so
7ea6026f0000-7ea6026f1000 rw-p 00003000 103:02 4327155                   /usr/lib/jvm/java-17-openjdk/lib/libjsvml.so
7ea6026f1000-7ea6026f8000 rw-p 00000000 00:00 0 
7ea6026f8000-7ea602700000 ---p 00000000 00:00 0 
7ea602700000-7ea60270a000 r--p 00000000 103:02 4327139                   /usr/lib/jvm/java-17-openjdk/lib/libjava.so
7ea60270a000-7ea60271c000 r-xp 0000a000 103:02 4327139                   /usr/lib/jvm/java-17-openjdk/lib/libjava.so
7ea60271c000-7ea602722000 r--p 0001c000 103:02 4327139                   /usr/lib/jvm/java-17-openjdk/lib/libjava.so
7ea602722000-7ea602724000 r--p 00022000 103:02 4327139                   /usr/lib/jvm/java-17-openjdk/lib/libjava.so
7ea602724000-7ea602725000 rw-p 00024000 103:02 4327139                   /usr/lib/jvm/java-17-openjdk/lib/libjava.so
7ea602725000-7ea60272d000 rw-s 00000000 00:25 668967                     /tmp/hsperfdata_marlonsc/785732
7ea60272d000-7ea60272e000 ---p 00000000 00:00 0 
7ea60272e000-7ea60272f000 r--p 00000000 00:00 0 
7ea60272f000-7ea602730000 ---p 00000000 00:00 0 
7ea602730000-7ea602731000 r--p 00000000 103:02 4327148                   /usr/lib/jvm/java-17-openjdk/lib/libjimage.so
7ea602731000-7ea602734000 r-xp 00001000 103:02 4327148                   /usr/lib/jvm/java-17-openjdk/lib/libjimage.so
7ea602734000-7ea602736000 r--p 00004000 103:02 4327148                   /usr/lib/jvm/java-17-openjdk/lib/libjimage.so
7ea602736000-7ea602737000 r--p 00005000 103:02 4327148                   /usr/lib/jvm/java-17-openjdk/lib/libjimage.so
7ea602737000-7ea602738000 rw-p 00006000 103:02 4327148                   /usr/lib/jvm/java-17-openjdk/lib/libjimage.so
7ea602738000-7ea60273a000 r--p 00000000 103:02 4327153                   /usr/lib/jvm/java-17-openjdk/lib/libjli.so
7ea60273a000-7ea602743000 r-xp 00002000 103:02 4327153                   /usr/lib/jvm/java-17-openjdk/lib/libjli.so
7ea602743000-7ea602746000 r--p 0000b000 103:02 4327153                   /usr/lib/jvm/java-17-openjdk/lib/libjli.so
7ea602746000-7ea602747000 r--p 0000e000 103:02 4327153                   /usr/lib/jvm/java-17-openjdk/lib/libjli.so
7ea602747000-7ea602748000 rw-p 0000f000 103:02 4327153                   /usr/lib/jvm/java-17-openjdk/lib/libjli.so
7ea602748000-7ea60274a000 rw-p 00000000 00:00 0 
7ea60274a000-7ea60274b000 r--p 00000000 103:02 67124513                  /usr/lib/ld-linux-x86-64.so.2
7ea60274b000-7ea602775000 r-xp 00001000 103:02 67124513                  /usr/lib/ld-linux-x86-64.so.2
7ea602775000-7ea602780000 r--p 0002b000 103:02 67124513                  /usr/lib/ld-linux-x86-64.so.2
7ea602780000-7ea602782000 r--p 00035000 103:02 67124513                  /usr/lib/ld-linux-x86-64.so.2
7ea602782000-7ea602784000 rw-p 00037000 103:02 67124513                  /usr/lib/ld-linux-x86-64.so.2
7ffc60922000-7ffc60944000 rw-p 00000000 00:00 0                          [stack]
7ffc60954000-7ffc60958000 r--p 00000000 00:00 0                          [vvar]
7ffc60958000-7ffc6095a000 r-xp 00000000 00:00 0                          [vdso]
ffffffffff600000-ffffffffff601000 --xp 00000000 00:00 0                  [vsyscall]


VM Arguments:
jvm_args: -Dosgi.requiredJavaVersion=11 
java_command: /opt/ApacheDirectoryStudio//plugins/org.eclipse.equinox.launcher_1.6.0.v20200915-1508.jar -os linux -ws gtk -arch x86_64 -showsplash -launcher /opt/ApacheDirectoryStudio/ApacheDirectoryStudio -name ApacheDirectoryStudio --launcher.library /opt/ApacheDirectoryStudio//plugins/org.eclipse.equinox.launcher.gtk.linux.x86_64_1.2.0.v20200915-1442/eclipse_11201.so -startup /opt/ApacheDirectoryStudio//plugins/org.eclipse.equinox.launcher_1.6.0.v20200915-1508.jar --launcher.overrideVmargs -exitdata 80016 /studio-rcp/resources/icons/linux/studio.xpm -vm /usr/lib/jvm/java-17-openjdk/bin/java -vmargs -Dosgi.requiredJavaVersion=11 -jar /opt/ApacheDirectoryStudio//plugins/org.eclipse.equinox.launcher_1.6.0.v20200915-1508.jar
java_class_path (initial): /opt/ApacheDirectoryStudio//plugins/org.eclipse.equinox.launcher_1.6.0.v20200915-1508.jar
Launcher Type: SUN_STANDARD

[Global flags]
     intx CICompilerCount                          = 12                                        {product} {ergonomic}
     uint ConcGCThreads                            = 4                                         {product} {ergonomic}
     uint G1ConcRefinementThreads                  = 15                                        {product} {ergonomic}
   size_t G1HeapRegionSize                         = 4194304                                   {product} {ergonomic}
    uintx GCDrainStackTargetSize                   = 64                                        {product} {ergonomic}
   size_t InitialHeapSize                          = 520093696                                 {product} {ergonomic}
   size_t MarkStackSize                            = 4194304                                   {product} {ergonomic}
   size_t MaxHeapSize                              = 8317304832                                {product} {ergonomic}
   size_t MaxNewSize                               = 4987027456                                {product} {ergonomic}
   size_t MinHeapDeltaBytes                        = 4194304                                   {product} {ergonomic}
   size_t MinHeapSize                              = 8388608                                   {product} {ergonomic}
    uintx NonNMethodCodeHeapSize                   = 7602480                                {pd product} {ergonomic}
    uintx NonProfiledCodeHeapSize                  = 122027880                              {pd product} {ergonomic}
    uintx ProfiledCodeHeapSize                     = 122027880                              {pd product} {ergonomic}
    uintx ReservedCodeCacheSize                    = 251658240                              {pd product} {ergonomic}
     bool SegmentedCodeCache                       = true                                      {product} {ergonomic}
   size_t SoftMaxHeapSize                          = 8317304832                             {manageable} {ergonomic}
     bool UseCompressedClassPointers               = true                           {product lp64_product} {ergonomic}
     bool UseCompressedOops                        = true                           {product lp64_product} {ergonomic}
     bool UseG1GC                                  = true                                      {product} {ergonomic}

Logging:
Log output configuration:
 #0: stdout all=warning uptime,level,tags
 #1: stderr all=off uptime,level,tags

Environment Variables:
JAVA_HOME=/usr/lib/jvm/default
PATH=/home/marlonsc/google-cloud-sdk/bin:/home/marlonsc/.local/bin:/opt/brew/bin:/home/marlonsc/go/bin:/usr/lib/jvm/java-17-openjdk/bin:/usr/lib/jvm/default/bin:/opt/jython/bin/:/opt/google-cloud-cli/bin:/opt/intel/advisor_2020.2.0.606470/bin64:/usr/local/bin:/usr/bin:/usr/local/sbin:/opt/android-sdk/emulator:/opt/android-sdk/cmdline-tools/latest/bin:/opt/android-sdk/platform-tools:/opt/t-head/csky-elfabiv2-tools/bin:/opt/t-head/csky-elf-noneabiv2-tools/bin:/opt/t-head/csky-elf-tools/bin:/opt/t-head/csky-linux-gnuabiv2-tools/bin:/opt/t-head/csky-linux-uclibcabiv2-tools/bin:/opt/t-head/csky-linux-uclibc-tools/bin:/opt/t-head/csky-riscv64-elf-900-series/bin:/opt/t-head/csky-riscv64-linux-900-series/bin:/opt/cuda/bin:/opt/cuda/nsight_compute:/opt/cuda/nsight_systems/bin:/home/marlonsc/.dotnet/tools:/opt/nessus/bin:/opt/nessus/sbin:/usr/bin/site_perl:/usr/bin/vendor_perl:/usr/bin/core_perl:/usr/lib/rustup/bin:/home/marlonsc/ACLI
USERNAME=marlonsc
SHELL=/bin/fish
DISPLAY=:1
LANG=pt_BR.UTF-8
LC_NUMERIC=pt_BR.UTF-8
LC_TIME=pt_BR.UTF-8
TERM=xterm-256color

Active Locale:
LC_ALL=pt_BR.UTF-8
LC_COLLATE=pt_BR.UTF-8
LC_CTYPE=pt_BR.UTF-8
LC_MESSAGES=pt_BR.UTF-8
LC_MONETARY=pt_BR.UTF-8
LC_NUMERIC=pt_BR.UTF-8
LC_TIME=pt_BR.UTF-8

Signal Handlers:
   SIGSEGV: 0x00007ea601eb52c0 in libjvm.so+17519296, mask=11100100010111111101111111111110, flags=SA_RESTART|SA_SIGINFO, unblocked
    SIGBUS: 0x00007ea601eb52c0 in libjvm.so+17519296, mask=11100100010111111101111111111110, flags=SA_RESTART|SA_SIGINFO, unblocked
    SIGFPE: 0x00007ea601eb52c0 in libjvm.so+17519296, mask=11100100010111111101111111111110, flags=SA_RESTART|SA_SIGINFO, unblocked
   SIGPIPE: SIG_IGN, mask=00000000000010000000000000000000, flags=SA_RESTART, blocked
  *** Handler was modified!
  *** Expected: 0x00007ea601cdfae0 in libjvm.so+15596256, mask=11100100110111111111111111111110, flags=SA_RESTART|SA_SIGINFO
   SIGXFSZ: 0x00007ea601cdfae0 in libjvm.so+15596256, mask=11100100010111111101111111111110, flags=SA_RESTART|SA_SIGINFO, blocked
    SIGILL: 0x00007ea601eb52c0 in libjvm.so+17519296, mask=11100100010111111101111111111110, flags=SA_RESTART|SA_SIGINFO, unblocked
   SIGUSR2: 0x00007ea601cdfb00 in libjvm.so+15596288, mask=00000000000000000000000000000000, flags=SA_RESTART|SA_SIGINFO, blocked
    SIGHUP: 0x00007ea601cdee20 in libjvm.so+15592992, mask=11100100010111111101111111111110, flags=SA_RESTART|SA_SIGINFO, blocked
    SIGINT: 0x00007ea601cdee20 in libjvm.so+15592992, mask=11100100010111111101111111111110, flags=SA_RESTART|SA_SIGINFO, blocked
   SIGTERM: 0x00007ea601cdee20 in libjvm.so+15592992, mask=11100100010111111101111111111110, flags=SA_RESTART|SA_SIGINFO, blocked
   SIGQUIT: 0x00007ea601cdee20 in libjvm.so+15592992, mask=11100100010111111101111111111110, flags=SA_RESTART|SA_SIGINFO, blocked
   SIGTRAP: 0x00007ea601eb52c0 in libjvm.so+17519296, mask=11100100010111111101111111111110, flags=SA_RESTART|SA_SIGINFO, unblocked


Periodic native trim disabled


---------------  S Y S T E M  ---------------

OS:
DISTRIB_ID=cachyos
DISTRIB_RELEASE="rolling"
DISTRIB_DESCRIPTION="CachyOS"
uname: Linux 6.8.6-2-cachyos #1 SMP PREEMPT_DYNAMIC Sat, 13 Apr 2024 12:52:18 +0000 x86_64
OS uptime: 3 days 22:01 hours
libc: glibc 2.39 NPTL 2.39 
rlimit (soft/hard): STACK 8192k/infinity , CORE infinity/infinity , NPROC 126129/126129 , NOFILE 1048576/1048576 , AS infinity/infinity , CPU infinity/infinity , DATA infinity/infinity , FSIZE infinity/infinity , MEMLOCK 19531k/19531k
load average: 1,91 1,58 1,20

/proc/meminfo:
MemTotal:       32476556 kB
MemFree:         3301088 kB
MemAvailable:    2979664 kB
Buffers:               0 kB
Cached:          2438812 kB
SwapCached:       748360 kB
Active:          8612984 kB
Inactive:        6028196 kB
Active(anon):    7651104 kB
Inactive(anon):  4987588 kB
Active(file):     961880 kB
Inactive(file):  1040608 kB
Unevictable:       11324 kB
Mlocked:             772 kB
SwapTotal:      38967096 kB
SwapFree:       33524740 kB
Zswap:                 0 kB
Zswapped:              0 kB
Dirty:               652 kB
Writeback:           784 kB
AnonPages:      12207256 kB
Mapped:          1139644 kB
Shmem:            436324 kB
KReclaimable:     776640 kB
Slab:            6656440 kB
SReclaimable:     776640 kB
SUnreclaim:      5879800 kB
KernelStack:       48784 kB
PageTables:       160332 kB
SecPageTables:         0 kB
NFS_Unstable:          0 kB
Bounce:                0 kB
WritebackTmp:          0 kB
CommitLimit:    55205372 kB
Committed_AS:   47232716 kB
VmallocTotal:   34359738367 kB
VmallocUsed:     1121720 kB
VmallocChunk:          0 kB
Percpu:            23040 kB
HardwareCorrupted:     0 kB
AnonHugePages:      6144 kB
ShmemHugePages:     8192 kB
ShmemPmdMapped:        0 kB
FileHugePages:     12288 kB
FilePmdMapped:     12288 kB
CmaTotal:              0 kB
CmaFree:               0 kB
Unaccepted:            0 kB
HugePages_Total:       0
HugePages_Free:        0
HugePages_Rsvd:        0
HugePages_Surp:        0
Hugepagesize:       2048 kB
Hugetlb:               0 kB
DirectMap4k:    15762480 kB
DirectMap2M:    17403904 kB
DirectMap1G:           0 kB

/sys/kernel/mm/transparent_hugepage/enabled: always [madvise] never
/sys/kernel/mm/transparent_hugepage/defrag (defrag/compaction efforts parameter): always defer defer+madvise [madvise] never

Process Memory:
Virtual Size: 101720500K (peak: 133895332K)
Resident Set Size: 483288K (peak: 483480K) (anon: 367452K, file: 114448K, shmem: 1388K)
Swapped out: 0K
C-Heap outstanding allocations: 141676K, retained: 75151K
glibc malloc tunables: (default)

/proc/sys/kernel/threads-max (system-wide limit on the number of threads): 252259
/proc/sys/vm/max_map_count (maximum number of memory map areas a process may have): 1048576
/proc/sys/kernel/pid_max (system-wide limit on number of process identifiers): 4194304

container (cgroup) information:
container_type: cgroupv2
cpu_cpuset_cpus: not supported
cpu_memory_nodes: not supported
active_processor_count: 20
cpu_quota: not supported
cpu_period: not supported
cpu_shares: not supported
memory_limit_in_bytes: unlimited
memory_and_swap_limit_in_bytes: unlimited
memory_soft_limit_in_bytes: unlimited
memory_usage_in_bytes: 653856 k
memory_max_usage_in_bytes: not supported
memory_swap_current_in_bytes: unlimited
memory_swap_max_limit_in_bytes: unlimited
maximum number of tasks: 37838
current number of tasks: 106

Steal ticks since vm start: 0
Steal ticks percentage since vm start:  0,000

CPU: total 20 (initial active 20) (20 cores per cpu, 1 threads per core) family 6 model 154 stepping 3 microcode 0x432, cx8, cmov, fxsr, mmx, 3dnowpref, sse, sse2, sse3, ssse3, sse4.1, sse4.2, popcnt, lzcnt, tsc, tscinvbit, avx, avx2, aes, erms, clmul, bmi1, bmi2, adx, sha, fma, vzeroupper, clflush, clflushopt, clwb
CPU Model and flags from /proc/cpuinfo:
model name	: 12th Gen Intel(R) Core(TM) i7-12700H
flags		: fpu vme de pse tsc msr pae mce cx8 apic sep mtrr pge mca cmov pat pse36 clflush dts acpi mmx fxsr sse sse2 ss ht tm pbe syscall nx pdpe1gb rdtscp lm constant_tsc art arch_perfmon pebs bts rep_good nopl xtopology nonstop_tsc cpuid aperfmperf tsc_known_freq pni pclmulqdq dtes64 monitor ds_cpl vmx smx est tm2 ssse3 sdbg fma cx16 xtpr pdcm sse4_1 sse4_2 x2apic movbe popcnt tsc_deadline_timer aes xsave avx f16c rdrand lahf_lm abm 3dnowprefetch cpuid_fault epb ssbd ibrs ibpb stibp ibrs_enhanced tpr_shadow flexpriority ept vpid ept_ad fsgsbase tsc_adjust bmi1 avx2 smep bmi2 erms invpcid rdseed adx smap clflushopt clwb intel_pt sha_ni xsaveopt xsavec xgetbv1 xsaves split_lock_detect user_shstk avx_vnni dtherm ida arat pln pts hwp hwp_notify hwp_act_window hwp_epp hwp_pkg_req hfi vnmi umip pku ospke waitpkg gfni vaes vpclmulqdq rdpid movdiri movdir64b fsrm md_clear serialize arch_lbr ibt flush_l1d arch_capabilities

Online cpus: 0-19
Offline cpus: 
BIOS frequency limitation: <Not Available>
Frequency switch latency (ns): 0
Available cpu frequencies: <Not Available>
Current governor: powersave
Core performance/turbo boost: <Not Available>

Memory: 4k page, physical 32476556k(3301088k free), swap 38967096k(33524740k free)
Page Sizes: 4k

vm_info: OpenJDK 64-Bit Server VM (17.0.10+7) for linux-amd64 JRE (17.0.10+7), built on Jan 29 2024 17:00:33 by "" with clang Clang 16.0.6 (https://gitlab.archlinux.org/archlinux/packaging/packages/clang.git 9824753d9f331031545b424aa2311c9667c4b8aa)

END.
